name,export_rva,target_rva,target_size,source,status,notes
??0Coord2D@@QAE@ABUCoord2DBase@@@Z,0x00007824,0x007E59E0,19,src/math/coord2d.cpp,matched,copies x/y from Coord2DBase
??0Coord2D@@QAE@ABUCoord3DBase@@@Z,0x0001D034,0x003BB840,19,src/math/coord2d.cpp,matched,copies x/y from Coord3DBase
??0Coord2D@@QAE@ABV0@@Z,0x00011455,0x0005BD70,19,src/math/coord2d.cpp,matched,copies x/y from Coord2D
??0Coord2D@@QAE@HH@Z,0x0003D8B6,0x0018F180,18,src/math/coord2d.cpp,matched,converts ints to floats
??0Coord2D@@QAE@MM@Z,0x0003D988,0x0016A160,18,src/math/coord2d.cpp,matched,sets x/y from floats
??0Coord2D@@QAE@XZ,0x00021710,0x00083350,3,src/math/coord2d.cpp,matched,empty constructor returns self
??0Coord3D@@QAE@ABUCoord3DBase@@@Z,0x00049837,0x0008A410,25,src/math/coord3d.cpp,matched,copies x/y/z from Coord3DBase
??0Coord3D@@QAE@ABV0@@Z,0x00036B6A,0x0005BC20,25,src/math/coord3d.cpp,matched,copies x/y/z from Coord3D
??0Coord3D@@QAE@ABVCoord2D@@@Z,0x00049567,0x000B2180,26,src/math/coord3d.cpp,matched,copies x/y and clears z
??0Coord3D@@QAE@HHH@Z,0x0003AE04,0x00064310,25,src/math/coord3d.cpp,matched,converts ints to floats
??0Coord3D@@QAE@MMM@Z,0x000156C7,0x000642F0,25,src/math/coord3d.cpp,matched,sets x/y/z from floats
??0Coord3D@@QAE@XZ,0x00016C93,0x00083330,3,src/math/coord3d.cpp,matched,empty constructor returns self
??0GameClientRandomVariable@@QAE@XZ,0x0002466D,0x0005C5D0,13,src/game/game_client_random_variable.cpp,matched,initializes distribution/minimum/maximum to zero
??0ICoord2D@@QAE@ABUICoord2DBase@@@Z,0x00001EB0,0x0008AA60,19,src/math/icoord.cpp,matched,copies x/y from ICoord2DBase
??0ICoord2D@@QAE@HH@Z,0x000160D6,0x00106690,18,src/math/icoord.cpp,matched,sets x/y from ints
??0ICoord2D@@QAE@XZ,0x00039130,0x00083360,3,src/math/icoord.cpp,matched,empty constructor returns self
??0ICoord3D@@QAE@HHH@Z,0x0001E85D,0x0015B8E0,25,src/math/icoord.cpp,matched,sets x/y/z from ints
??0ICoord3D@@QAE@XZ,0x0000DEAE,0x00148770,3,src/math/icoord.cpp,matched,empty constructor returns self
??0IRegion3D@@QAE@XZ,0x0002F270,0x007E6F30,3,src/math/region.cpp,matched,empty constructor returns self
??0Matrix4D@@QAE@ABV0@@Z,0x00014FB0,0x007E7B70,107,src/math/matrix4d.cpp,matched,copies values
??0Matrix4D@@QAE@XZ,0x000218D7,0x007E6050,3,src/math/matrix4d.cpp,matched,empty constructor returns self
??0Matrix4D@@QAE@_N@Z,0x0000F5F1,0x007E79D0,67,src/math/matrix4d.cpp,matched,optionally initializes identity
??0Matrix4D@@QAE@MMMMMMMMMMMMMMMM@Z,0x00017D28,0x007E7C70,116,src/math/matrix4d.cpp,matched,sets values from 16 floats
??0Region2D@@QAE@ABU0@@Z,0x000173CD,0x0005C320,31,src/math/region.cpp,matched,copies bounds
??0Region2D@@QAE@ABVCoord2D@@0@Z,0x000277EB,0x0061BA60,34,src/math/region.cpp,matched,copies lower and upper coordinates
??0Region2D@@QAE@XZ,0x0001DFB1,0x00160B10,3,src/math/region.cpp,matched,empty constructor returns self
??0Region3D@@QAE@ABU0@@Z,0x00032E02,0x000BEC90,43,src/math/region.cpp,matched,copies bounds
??0Region3D@@QAE@XZ,0x00024573,0x000BEC80,3,src/math/region.cpp,matched,empty constructor returns self
??0RGBColorKeyframe@FXParticleSystem@@QAE@XZ,0x00029677,0x0005C700,16,src/math/color.cpp,matched,sets channels and frame to zero
??0AsciiString@@QAE@XZ,0x00017BD9,0x00062030,9,src/game/ascii_string.cpp,matched,default constructor sets text pointer to null
??0QuadDrawModuleInfo@FXParticleSystem@@QAE@XZ,0x00015C4E,0x005F5450,9,src/game/fx_particle_system.cpp,matched,default constructor sets vtable pointer
??1DefaultAlphaModuleInfo@FXParticleSystem@@UAE@XZ,0x0001AFAF,0x005D4F50,7,src/game/fx_particle_system.cpp,matched,destructor resets vtable pointer
??1QuadDrawModuleInfo@FXParticleSystem@@UAE@XZ,0x0001C5CB,0x005D88A0,7,src/game/fx_particle_system.cpp,matched,destructor resets vtable pointer
??0EmissionVelocityInfo@FXParticleSystem@@QAE@XZ,0x00012468,0x005BD800,9,src/game/fx_particle_system.cpp,matched,default constructor sets vtable pointer
??1EmissionVelocityInfo@FXParticleSystem@@UAE@XZ,0x0003CF47,0x005BD810,7,src/game/fx_particle_system.cpp,matched,destructor resets vtable pointer
??0EmissionVolumeInfo@FXParticleSystem@@QAE@XZ,0x0002EFF0,0x005BD640,10,src/game/fx_particle_system.cpp,matched,default constructor sets vtable pointer and flag
??1EmissionVolumeInfo@FXParticleSystem@@UAE@XZ,0x0004AA61,0x005BD6B0,7,src/game/fx_particle_system.cpp,matched,destructor resets vtable pointer
??1ButterflyDrawModuleInfo@FXParticleSystem@@UAE@XZ,0x00001C08,0x005D8B50,7,src/game/fx_particle_system.cpp,matched,destructor resets vtable pointer
??1DefaultColorModuleInfo@FXParticleSystem@@UAE@XZ,0x0001B82E,0x005D52D0,7,src/game/fx_particle_system.cpp,matched,destructor resets vtable pointer
??1DefaultDrawModuleInfo@FXParticleSystem@@UAE@XZ,0x00008CBA,0x005D5690,7,src/game/fx_particle_system.cpp,matched,destructor resets vtable pointer
??1DefaultUpdateModuleInfo@FXParticleSystem@@UAE@XZ,0x00017242,0x005D81B0,7,src/game/fx_particle_system.cpp,matched,destructor resets vtable pointer
??1LightningDrawModuleInfo@FXParticleSystem@@UAE@XZ,0x000121B1,0x005D8EF0,7,src/game/fx_particle_system.cpp,matched,destructor resets vtable pointer
??1RenderObjectUpdateModuleInfo@FXParticleSystem@@UAE@XZ,0x000095F7,0x005D92B0,7,src/game/fx_particle_system.cpp,matched,destructor resets vtable pointer
??1StreakDrawModuleInfo@FXParticleSystem@@UAE@XZ,0x00049CA1,0x005D85F0,7,src/game/fx_particle_system.cpp,matched,destructor resets vtable pointer
??1WindModuleInfo@FXParticleSystem@@UAE@XZ,0x0001B31F,0x005BD960,7,src/game/fx_particle_system.cpp,matched,destructor resets vtable pointer
?isEmpty@?$StringBase@D@@QBE_NXZ,0x0000C752,0x0005E4C0,22,src/game/string_base.cpp,matched,returns true if string has no data or zero length
?isEmpty@?$StringBase@G@@QBE_NXZ,0x0001F361,0x0007F7D0,22,src/game/string_base.cpp,matched,returns true if string has no data or zero length
?getLength@?$StringBase@D@@QBEHXZ,0x00004A30,0x0005E4A0,14,src/game/string_base.cpp,matched,returns string length or zero
?getLength@?$StringBase@G@@QBEHXZ,0x0000ED6D,0x0005E4F0,14,src/game/string_base.cpp,matched,returns string length or zero
?str@?$StringBase@D@@QBEPBDXZ,0x00037F3D,0x0005F270,16,src/game/string_base.cpp,matched,returns pointer to C string data
?validate@?$StringBase@D@@ABEXXZ,0x0001D4A3,0x0005D790,1,src/game/string_base.cpp,matched,no-op string validation
??1DefaultPhysicsModuleInfo@FXParticleSystem@@UAE@XZ,0x00042F28,0x005D7E90,7,src/game/fx_particle_system.cpp,matched,destructor resets vtable pointer
??1Coord2D@@QAE@XZ,0x0003EAB8,0x0005BD90,1,src/math/coord2d.cpp,matched,empty destructor emits ret
??1Coord3D@@QAE@XZ,0x0001364C,0x0005BC40,1,src/math/coord3d.cpp,matched,empty destructor emits ret
??1Region2D@@QAE@XZ,0x000071DF,0x0005C310,1,src/math/region.cpp,matched,empty destructor emits ret
??1Region3D@@QAE@XZ,0x00045746,0x0006B0C0,1,src/math/region.cpp,matched,empty destructor emits ret
??4Coord2D@@QAEAAV0@ABUCoord2DBase@@@Z,0x00038AC3,0x007E5A20,19,src/math/coord2d.cpp,matched,copies x/y from Coord2DBase
??4Coord2D@@QAEAAV0@ABUCoord3DBase@@@Z,0x00017706,0x007E5A60,19,src/math/coord2d.cpp,matched,copies x/y from Coord3DBase
??4Coord2D@@QAEAAV0@ABV0@@Z,0x0004592B,0x007E5A00,19,src/math/coord2d.cpp,matched,copies x/y from Coord2D
??4Coord2DBase@@QAEAAU0@ABU0@@Z,0x00029929,0x007E59C0,19,src/math/coord2d.cpp,matched,copies x/y from Coord2DBase
??4Coord3DBase@@QAEAAU0@ABU0@@Z,0x00010FD2,0x007E5960,29,src/math/coord3d.cpp,matched,copies x/y/z from Coord3DBase
??4Coord3D@@QAEAAV0@ABUCoord2DBase@@@Z,0x0002B4F4,0x007E5C90,26,src/math/coord3d.cpp,matched,copies x/y and clears z
??4Coord3D@@QAEAAV0@ABUCoord3DBase@@@Z,0x000199BB,0x00396880,25,src/math/coord3d.cpp,matched,copies x/y/z from Coord3DBase
??4Coord3D@@QAEAAV0@ABVCoord2D@@@Z,0x000412EA,0x003A3EF0,26,src/math/coord3d.cpp,matched,copies x/y and clears z
??4ICoord2D@@QAEAAU0@ABU0@@Z,0x00009011,0x007E6D70,19,src/math/icoord.cpp,matched,copies x/y from ICoord2D
??4ICoord2D@@QAEAAU0@ABUICoord2DBase@@@Z,0x00001C21,0x00477BA0,19,src/math/icoord.cpp,matched,copies x/y from ICoord2DBase
??4ICoord2DBase@@QAEAAU0@ABU0@@Z,0x00017071,0x007E6D50,19,src/math/icoord.cpp,matched,copies x/y from ICoord2DBase
??4ICoord3D@@QAEAAU0@ABU0@@Z,0x000495FD,0x007E6E00,29,src/math/icoord.cpp,matched,copies x/y/z from ICoord3D
??4Matrix4D@@QAEAAV0@ABV0@@Z,0x0001EA0B,0x007E64D0,107,src/math/matrix4d.cpp,matched,copies values
??4GameClientRandomVariable@@QAEAAV0@ABV0@@Z,0x00001992,0x007E7800,29,src/game/game_client_random_variable.cpp,matched,copies distribution/minimum/maximum
??DCoord2D@@QBEMABUCoord3DBase@@@Z,0x0000DAF8,0x007E5AC0,19,src/math/coord2d.cpp,matched,dot product with Coord3DBase x/y
??DCoord2D@@QBEMABV0@@Z,0x0004A4BC,0x007E5A40,19,src/math/coord2d.cpp,matched,dot product with Coord2D
??DCoord3D@@QBEMABUCoord3DBase@@@Z,0x00011F09,0x0018F1C0,27,src/math/coord3d.cpp,matched,dot product with Coord3DBase
??DCoord3D@@QBEMABVCoord2D@@@Z,0x00044FE4,0x007E5CF0,19,src/math/coord3d.cpp,matched,dot product with Coord2D
??XCoord2D@@QAEAAV0@M@Z,0x00019C31,0x0014FF90,23,src/math/coord2d.cpp,matched,scales x/y in place
??XCoord3D@@QAEAAV0@M@Z,0x00002A13,0x0016A290,33,src/math/coord3d.cpp,matched,scales x/y/z in place
??_0Coord3D@@QAEAAV0@M@Z,0x0002EB1D,0x000EC6C0,33,src/math/coord3d.cpp,matched,divides x/y/z by scalar
??XMatrix4D@@QAEAAV0@M@Z,0x0002C7EB,0x007E66E0,163,src/math/matrix4d.cpp,matched,scales matrix values in place
??_0Matrix4D@@QAEAAV0@M@Z,0x00025BC6,0x007E67B0,139,src/math/matrix4d.cpp,matched,divides matrix values by scalar
??YCoord2D@@QAEAAV0@ABUCoord3DBase@@@Z,0x0003521A,0x007E5A80,24,src/math/coord2d.cpp,matched,adds Coord3DBase x/y
??YCoord2D@@QAEAAV0@ABV0@@Z,0x0001945C,0x002320C0,24,src/math/coord2d.cpp,matched,adds Coord2D
??YCoord3D@@QAEAAV0@ABUCoord3DBase@@@Z,0x000233EE,0x00148730,33,src/math/coord3d.cpp,matched,adds Coord3DBase
??YCoord3D@@QAEAAV0@ABVCoord2D@@@Z,0x000267FB,0x007E5CB0,24,src/math/coord3d.cpp,matched,adds Coord2D x/y
??YMatrix4D@@QAEAAV0@ABV0@@Z,0x00008742,0x007E6560,150,src/math/matrix4d.cpp,matched,adds matrix values in place
??ZCoord2D@@QAEAAV0@ABUCoord3DBase@@@Z,0x0003F7BF,0x007E5AA0,24,src/math/coord2d.cpp,matched,subtracts Coord3DBase x/y
??ZCoord2D@@QAEAAV0@ABV0@@Z,0x00045002,0x002320E0,24,src/math/coord2d.cpp,matched,subtracts Coord2D
??ZCoord3D@@QAEAAV0@ABUCoord3DBase@@@Z,0x000126B6,0x0016A240,33,src/math/coord3d.cpp,matched,subtracts Coord3DBase
??ZCoord3D@@QAEAAV0@ABVCoord2D@@@Z,0x000296FE,0x007E5CD0,24,src/math/coord3d.cpp,matched,subtracts Coord2D x/y
??ZMatrix4D@@QAEAAV0@ABV0@@Z,0x000480B8,0x007E6620,150,src/math/matrix4d.cpp,matched,subtracts matrix values in place
??8ICoord2D@@QBE_NABUICoord2DBase@@@Z,0x00010AA5,0x003D5220,31,src/math/icoord.cpp,matched,compares x/y
??8@YA_NABVGameClientRandomVariable@@0@Z,0x0002BEF9,0x007E7750,53,src/game/game_client_random_variable.cpp,matched,compares distribution/minimum/maximum
??8Coord3D@@QBE_NABV0@@Z,0x00008FF8,0x00131C40,60,src/math/coord3d.cpp,matched,compares x/y/z
??8IRegion2D@@QBE_NABU0@@Z,0x00007338,0x00403AC0,47,src/math/region.cpp,matched,compares bounds
??8@YA_NABURGBColor@@0@Z,0x000136D8,0x007E6FB0,60,src/math/color.cpp,matched,compares RGB channels
??4RGBColor@@QAEAAU0@ABU0@@Z,0x00020770,0x007E6F80,26,src/math/color.cpp,matched,copies RGB channels
??4RGBAColorInt@@QAEAAU0@ABU0@@Z,0x0004868A,0x007E70A0,35,src/math/color.cpp,matched,copies RGBA channels
??4RGBAColorReal@@QAEAAU0@ABU0@@Z,0x0000CD83,0x007E7070,35,src/math/color.cpp,matched,copies RGBA channels
??0Snapshot@@QAE@XZ,0x00024C80,0x0006B180,9,src/game/snapshot.cpp,matched,sets vtable pointer
??0Snapshot@@QAE@ABV0@@Z,0x000021D0,0x0005C530,10,src/game/snapshot.cpp,matched,sets vtable pointer
??1Snapshot@@UAE@XZ,0x00001C80,0x0005C520,7,src/game/snapshot.cpp,matched,sets vtable pointer
??4Snapshot@@QAEAAV0@ABV0@@Z,0x0001E150,0x0005C540,5,src/game/snapshot.cpp,matched,no-op assignment
??9ICoord2D@@QBE_NABUICoord2DBase@@@Z,0x0000FEDE,0x003D5250,31,src/math/icoord.cpp,matched,compares x/y
??9@YA_NABVGameClientRandomVariable@@0@Z,0x00016775,0x007E77A0,71,src/game/game_client_random_variable.cpp,matched,compares distribution/minimum/maximum
??9IRegion2D@@QBE_NABU0@@Z,0x0003E9BE,0x00403B00,65,src/math/region.cpp,matched,compares bounds
??9@YA_NABURGBColor@@0@Z,0x00049ED1,0x007E7000,78,src/math/color.cpp,matched,compares RGB channels
?IsExactlyEqualTo@Region2D@@QBE_NABU1@@Z,0x00007C66,0x0061BAF0,75,src/math/region.cpp,matched,compares exact float bounds
?IsExactlyEqualTo@Coord2D@@QBE_NABV1@@Z,0x0003012A,0x003BC910,45,src/math/coord2d.cpp,matched,compares exact x/y
?IsExactlyEqualTo@Coord3D@@QBE_NABV1@@Z,0x0001DD72,0x001B2C20,60,src/math/coord3d.cpp,matched,compares exact x/y/z
?GetTranslationVector@Matrix4D@@QBEAAVCoord3D@@AAV2@@Z,0x00017210,0x007E6CE0,24,src/math/matrix4d.cpp,matched,copies translation vector
?GetXVector@Matrix4D@@QBEAAVCoord3D@@AAV2@@Z,0x00042F00,0x007E6C80,23,src/math/matrix4d.cpp,matched,copies x basis vector
?GetYVector@Matrix4D@@QBEAAVCoord3D@@AAV2@@Z,0x00024280,0x007E6CA0,24,src/math/matrix4d.cpp,matched,copies y basis vector
?GetZVector@Matrix4D@@QBEAAVCoord3D@@AAV2@@Z,0x0003021F,0x007E6CC0,24,src/math/matrix4d.cpp,matched,copies z basis vector
?RotateCoord@Matrix4D@@QAEAAVCoord3D@@ABV2@AAV2@@Z,0x0001C887,0x007E68E0,83,src/math/matrix4d.cpp,matched,rotates coordinate without translation
?TransformCoord@Matrix4D@@QAEAAVCoord3D@@ABV2@AAV2@@Z,0x000085A8,0x007E6860,92,src/math/matrix4d.cpp,matched,transforms coordinate with translation
?Add@Coord2D@@QAEAAV1@ABUCoord3DBase@@@Z,0x00016EEB,0x007E5AE0,24,src/math/coord2d.cpp,matched,adds Coord3DBase x/y
?Add@Coord2D@@QAEAAV1@ABV1@@Z,0x0000FA2E,0x0022F7C0,24,src/math/coord2d.cpp,matched,adds Coord2D
?Add2D@Coord3D@@QAEAAV1@ABUCoord3DBase@@0@Z,0x000263B4,0x007E5DE0,28,src/math/coord3d.cpp,matched,adds two Coord3DBase x/y values
?Add2D@Coord3D@@QAEAAV1@ABUCoord3DBase@@@Z,0x00002734,0x007E5DC0,24,src/math/coord3d.cpp,matched,adds Coord3DBase x/y
?Add@Coord3D@@QAEAAV1@ABUCoord3DBase@@0@Z,0x00021DC3,0x007E5D10,37,src/math/coord3d.cpp,matched,adds two Coord3DBase values
?Add@Coord3D@@QAEAAV1@ABUCoord3DBase@@@Z,0x0002F66C,0x000EC6F0,33,src/math/coord3d.cpp,matched,adds Coord3DBase
?Add@Coord3D@@QAEAAV1@ABUCoord3DBase@@ABVCoord2D@@@Z,0x0001AE3D,0x007E5F20,34,src/math/coord3d.cpp,matched,adds Coord3DBase and Coord2D
?Add@Coord3D@@QAEAAV1@ABVCoord2D@@@Z,0x00023452,0x007E5EB0,24,src/math/coord3d.cpp,matched,adds Coord2D x/y
?Add@Coord3D@@QAEAAV1@ABVCoord2D@@ABUCoord3DBase@@@Z,0x0001F802,0x007E5EF0,34,src/math/coord3d.cpp,matched,adds Coord2D and Coord3DBase
?Negate@Coord2D@@QAEAAV1@XZ,0x0000848B,0x007E5B20,17,src/math/coord2d.cpp,matched,negates x/y
?Negate@Coord3D@@QAEAAV1@XZ,0x0002C3CC,0x007E5DA0,25,src/math/coord3d.cpp,matched,negates x/y/z
?normalize@Coord3D@@QAEXXZ,0x0002BD82,0x000FB930,76,src/math/coord3d.cpp,matched,normalizes 3D vector in place with zero check
?Normalize@Coord2D@@QAEMXZ,0x0002C548,0x003A4140,42,src/math/coord2d.cpp,matched,normalizes vector and returns length
?normalize@Coord2D@@QAEXXZ,0x0000650F,0x0014FF40,60,src/math/coord2d.cpp,matched,normalizes vector in place with zero check
?Rotate@Coord2D@@QAEAAV1@AAV1@MM@Z,0x00023772,0x007E5BD0,44,src/math/coord2d.cpp,matched,rotates source by sine/cosine into this
?Rotate@Coord2D@@QAEAAV1@MM@Z,0x0001251C,0x007E5B40,40,src/math/coord2d.cpp,matched,rotates vector in place by sine/cosine
?Scale@Coord2D@@QAEAAV1@M@Z,0x000444EF,0x0014FFB0,23,src/math/coord2d.cpp,matched,scales x/y in place
?Scale2D@Coord3D@@QAEAAV1@ABUCoord3DBase@@M@Z,0x0000D4C7,0x007E5E80,27,src/math/coord3d.cpp,matched,scales Coord3DBase x/y
?Scale2D@Coord3D@@QAEAAV1@M@Z,0x00035918,0x007E5E60,23,src/math/coord3d.cpp,matched,scales x/y in place
?Scale@Coord3D@@QAEAAV1@ABUCoord3DBase@@M@Z,0x00034C98,0x007E5D70,37,src/math/coord3d.cpp,matched,scales Coord3DBase
?Scale@Coord3D@@QAEAAV1@M@Z,0x0000E1C4,0x0014FFD0,33,src/math/coord3d.cpp,matched,scales x/y/z in place
?zero@Coord3D@@QAEXXZ,0x00029226,0x00083340,11,src/math/coord3d.cpp,matched,sets x/y/z to zero
?zero@ICoord3D@@QAEXXZ,0x000268C3,0x0045B890,11,src/math/icoord.cpp,matched,sets x/y/z to zero
?zero@Region3D@@QAEXXZ,0x0003652F,0x000BEC60,20,src/math/region.cpp,matched,sets bounds to zero
?depth@IRegion3D@@QBEHXZ,0x00040E53,0x007E6F20,7,src/math/region.cpp,matched,returns integer depth
?depth@Region3D@@QBEMXZ,0x0001DB24,0x007E6E30,7,src/math/region.cpp,matched,returns float depth
?expandBy@IRegion2D@@QAEXABUICoord2D@@@Z,0x000466E6,0x007E82F0,47,src/math/region.cpp,matched,expands integer x/y bounds to include point
?expandBy@IRegion3D@@QAEXABUICoord3D@@@Z,0x00001091,0x007E83C0,68,src/math/region.cpp,matched,expands integer x/y/z bounds to include point
?expandBy@Region2D@@QAEXABVCoord2D@@@Z,0x00034207,0x007E8290,76,src/math/region.cpp,matched,expands float x/y bounds to include point
?expandBy@Region3D@@QAEXABVCoord3D@@@Z,0x00022F75,0x007E8330,111,src/math/region.cpp,matched,expands float x/y/z bounds to include point
?equals@Coord3D@@QBE_NABUCoord3DBase@@@Z,0x00001334,0x0016A110,60,src/math/coord3d.cpp,matched,compares x/y/z with Coord3DBase
?GetLength@Coord2D@@QBEMXZ,0x00022FA2,0x0016E3A0,22,src/math/coord2d.cpp,matched,returns vector length
?GetLengthEstimate@Coord2D@@QBEMXZ,0x0002DC72,0x0043A590,31,src/math/coord2d.cpp,matched,returns approximate length
?GetLength2D@Coord3D@@QBEMXZ,0x00036D95,0x001A5D70,22,src/math/coord3d.cpp,matched,returns x/y vector length
?GetLength@Coord3D@@QBEMXZ,0x0002EF14,0x000FE9B0,33,src/math/coord3d.cpp,matched,returns vector length
?GetLengthEstimate2D@Coord3D@@QBEMXZ,0x00043464,0x000C3D10,31,src/math/coord3d.cpp,matched,returns approximate x/y length
?GetLengthSqrd2D@Coord3D@@QBEMXZ,0x000185D9,0x001DD2C0,20,src/math/coord3d.cpp,matched,returns squared x/y length
?GetLengthSqrd@Coord2D@@QBEMXZ,0x00013976,0x00233D00,20,src/math/coord2d.cpp,matched,returns squared x/y length
??_0Coord2D@@QAEAAV0@M@Z,0x0001067C,0x0043A5C0,26,src/math/coord2d.cpp,matched,divides x/y by scalar
?GetLengthSqrd@Coord3D@@QBEMXZ,0x0002E339,0x0015BEF0,31,src/math/coord3d.cpp,matched,returns squared x/y/z length
?Set2D@Coord3D@@QAEAAV1@MM@Z,0x0003D00A,0x007E5FB0,18,src/math/coord3d.cpp,matched,sets x/y from floats
?Set@Coord2D@@QAEAAV1@MM@Z,0x00037DA8,0x000FBA00,18,src/math/coord2d.cpp,matched,sets x/y from floats
?Set@Coord3D@@QAEAAV1@MMM@Z,0x00041C77,0x000C8D50,25,src/math/coord3d.cpp,matched,sets x/y/z from floats
?Set@Matrix4D@@QAEAAV1@MMMMMMMMMMMMMMMM@Z,0x0000D7CE,0x007E60B0,116,src/math/matrix4d.cpp,matched,sets values from 16 floats
?SetIdentity@Matrix4D@@QAEAAV1@XZ,0x00018345,0x007E6060,57,src/math/matrix4d.cpp,matched,sets identity matrix
?SetMaxVect@Coord2D@@QAEAAV1@XZ,0x00047442,0x007E5C70,16,src/math/coord2d.cpp,matched,sets x/y to maximum float bit pattern
?SetMaxVect@Coord3D@@QAEAAV1@XZ,0x000437E8,0x007E6030,16,src/math/coord3d.cpp,matched,sets x/y/z to maximum float bit pattern
?SetMinVect@Coord2D@@QAEAAV1@XZ,0x000481B7,0x007E5C50,16,src/math/coord2d.cpp,matched,sets x/y to minimum float bit pattern
?SetMinVect@Coord3D@@QAEAAV1@XZ,0x0003053A,0x007E6010,16,src/math/coord3d.cpp,matched,sets x/y/z to minimum float bit pattern
?SetXAxis@Coord2D@@QAEAAV1@XZ,0x00038933,0x007E5C10,16,src/math/coord2d.cpp,matched,sets unit x axis
?SetXAxis@Coord3D@@QAEAAV1@XZ,0x00025770,0x007E5FD0,17,src/math/coord3d.cpp,matched,sets unit x axis
?SetYAxis@Coord2D@@QAEAAV1@XZ,0x00048B62,0x007E5C30,16,src/math/coord2d.cpp,matched,sets unit y axis
?SetYAxis@Coord3D@@QAEAAV1@XZ,0x00048856,0x007E5FF0,23,src/math/coord3d.cpp,matched,sets unit y axis
?SetZAxis@Coord3D@@QAEAAV1@XZ,0x0001C06C,0x001BD760,23,src/math/coord3d.cpp,matched,sets unit z axis
?SetZero@Coord2D@@QAEAAV1@XZ,0x00022D0E,0x003FD390,16,src/math/coord2d.cpp,matched,sets x/y to zero and returns self
?SetZero@Coord3D@@QAEAAV1@XZ,0x000495CB,0x00148760,13,src/math/coord3d.cpp,matched,sets x/y/z to zero and returns self
?getDistributionType@GameClientRandomVariable@@QBE?AW4DistributionType@1@XZ,0x0000E4C1,0x0010BDB0,3,src/game/game_client_random_variable.cpp,matched,returns distribution type
?getMaximumValue@GameClientRandomVariable@@QBEMXZ,0x0002E532,0x0010BDA0,4,src/game/game_client_random_variable.cpp,matched,returns maximum value
?getMinimumValue@GameClientRandomVariable@@QBEMXZ,0x00013822,0x0010BD90,4,src/game/game_client_random_variable.cpp,matched,returns minimum value
?height@IRegion2D@@QBEHXZ,0x00011B49,0x001A19B0,7,src/math/region.cpp,matched,returns integer height
?height@IRegion3D@@QBEHXZ,0x00005B5A,0x007E6F10,7,src/math/region.cpp,matched,returns integer height
?height@Region2D@@QBEMXZ,0x00035053,0x00160B30,7,src/math/region.cpp,matched,returns float height
?height@Region3D@@QBEMXZ,0x00039225,0x001066C0,7,src/math/region.cpp,matched,returns float height
?isInRegionNoZ@Region3D@@QBE_NPBVCoord3D@@@Z,0x0001A1A4,0x000FBA20,66,src/math/region.cpp,matched,checks point inside x/y bounds
?isInRegionWithZ@Region3D@@QBE_NPBVCoord3D@@@Z,0x000427D0,0x007E6E40,92,src/math/region.cpp,matched,checks point inside x/y/z bounds
?isInside@Region2D@@QBE_NABVCoord2D@@@Z,0x000457A5,0x0061BA90,66,src/math/region.cpp,matched,checks point inside region
?length@Coord2D@@QBEMXZ,0x0003CA3D,0x000FB9E0,22,src/math/coord2d.cpp,matched,returns vector length
?length@Coord3D@@QBEMXZ,0x0002FE0F,0x000B6CA0,33,src/math/coord3d.cpp,matched,returns vector length
?add@Coord3D@@QAEXPBUCoord3DBase@@@Z,0x00022688,0x000B6570,31,src/math/coord3d.cpp,matched,adds Coord3DBase pointer
?crossProduct@Coord3D@@SAXPBV1@0PAV1@@Z,0x00007536,0x00131BF0,59,src/math/coord3d.cpp,matched,writes cross product to result pointer
?lengthSqr@Coord3D@@QBEMXZ,0x00020662,0x0014FF10,31,src/math/coord3d.cpp,matched,returns squared x/y/z length
?set@Coord3D@@QAEXMMM@Z,0x00005F0B,0x000FB9C0,23,src/math/coord3d.cpp,matched,sets x/y/z from floats
?set@Coord3D@@QAEXPBUCoord3DBase@@@Z,0x000491F2,0x000FB9A0,23,src/math/coord3d.cpp,matched,copies x/y/z from pointer
?setRange@GameClientRandomVariable@@QAEXMMW4DistributionType@1@@Z,0x00006C58,0x00096F40,23,src/game/game_client_random_variable.cpp,matched,sets distribution/minimum/maximum
?scale@Coord3D@@QAEXM@Z,0x000236AF,0x000B6CD0,31,src/math/coord3d.cpp,matched,scales x/y/z in place
?Sub@Coord2D@@QAEAAV1@ABUCoord3DBase@@@Z,0x0002DEB6,0x007E5B00,24,src/math/coord2d.cpp,matched,subtracts Coord3DBase x/y
?Sub@Coord2D@@QAEAAV1@ABV1@@Z,0x0001777E,0x0018F1A0,24,src/math/coord2d.cpp,matched,subtracts Coord2D
?Sub2D@Coord3D@@QAEAAV1@ABUCoord3DBase@@0@Z,0x0000F1A5,0x007E5E30,28,src/math/coord3d.cpp,matched,subtracts two Coord3DBase x/y values
?Sub2D@Coord3D@@QAEAAV1@ABUCoord3DBase@@@Z,0x0004651A,0x007E5E10,24,src/math/coord3d.cpp,matched,subtracts Coord3DBase x/y
?Sub@Coord3D@@QAEAAV1@ABUCoord3DBase@@0@Z,0x000375D8,0x007E5D40,37,src/math/coord3d.cpp,matched,subtracts two Coord3DBase values
?Sub@Coord3D@@QAEAAV1@ABUCoord3DBase@@@Z,0x000179EF,0x000C3D40,33,src/math/coord3d.cpp,matched,subtracts Coord3DBase
?Sub@Coord3D@@QAEAAV1@ABUCoord3DBase@@ABVCoord2D@@@Z,0x00031D36,0x007E5F80,34,src/math/coord3d.cpp,matched,subtracts Coord2D from Coord3DBase
?Sub@Coord3D@@QAEAAV1@ABVCoord2D@@@Z,0x00036881,0x007E5ED0,24,src/math/coord3d.cpp,matched,subtracts Coord2D x/y
?Sub@Coord3D@@QAEAAV1@ABVCoord2D@@ABUCoord3DBase@@@Z,0x0003595E,0x007E5F50,36,src/math/coord3d.cpp,matched,subtracts Coord3DBase from Coord2D
?sub@Coord3D@@QAEXPBUCoord3DBase@@@Z,0x00045084,0x000C3CE0,31,src/math/coord3d.cpp,matched,subtracts Coord3DBase pointer
?width@IRegion2D@@QBEHXZ,0x00029299,0x001A19A0,6,src/math/region.cpp,matched,returns integer width
?width@IRegion3D@@QBEHXZ,0x0000D37D,0x007E6F00,6,src/math/region.cpp,matched,returns integer width
?width@Region2D@@QBEMXZ,0x00011CB1,0x00160B20,6,src/math/region.cpp,matched,returns float width
?width@Region3D@@QBEMXZ,0x00012EA4,0x001066B0,6,src/math/region.cpp,matched,returns float width
?Sin@@YAMM@Z,0x00873910,0x00873910,7,src/math/trig.cpp,matched,returns sine of radians
?Cos@@YAMM@Z,0x00873920,0x00873920,7,src/math/trig.cpp,matched,returns cosine of radians
?Tan@@YAMM@Z,0x00873930,0x00873930,9,src/math/trig.cpp,matched,returns tangent of radians
?deg2rad@@YAMM@Z,0x00018A7F,0x00069780,11,src/math/trig.cpp,matched,converts degrees to radians
?rad2deg@@YAMM@Z,0x00008BF2,0x007E5950,11,src/math/trig.cpp,matched,converts radians to degrees
?_GetBlockSize@MemoryPool@@YAIPAX@Z,0x00882D40,0x00882D40,13,src/game/memory_pool.cpp,matched,returns block size or zero for null
?_Exit@MemoryPool@@YAXXZ,0x00882950,0x00882950,6,src/game/memory_pool.cpp,matched,decrements reference count
?debugIgnoreLeaks@?$StringBase@D@@QAEXXZ,0x00887080,0x00887080,1,src/game/string_base.cpp,matched,no-op leak ignore
?GetSnapshotName@LifeEventModuleInfo@FXParticleSystem@@UAEPBDXZ,0x00001E8D,0x005D4660,6,src/game/fx_particle_system.cpp,matched,returns class name
?GetSnapshotName@DefaultPhysicsModuleInfo@FXParticleSystem@@UAEPBDXZ,0x00003BB1,0x005D4620,6,src/game/fx_particle_system.cpp,matched,returns class name
?GetSnapshotName@WindModuleInfo@FXParticleSystem@@UAEPBDXZ,0x00003CA1,0x005BD950,6,src/game/fx_particle_system.cpp,matched,returns class name
?GetSnapshotName@DefaultUpdateModuleInfo@FXParticleSystem@@UAEPBDXZ,0x0000A894,0x005D4640,6,src/game/fx_particle_system.cpp,matched,returns class name
?GetSnapshotName@ParticleSystemInfo@FXParticleSystem@@UAEPBDXZ,0x0000D896,0x0005C990,6,src/game/fx_particle_system.cpp,matched,returns class name
?GetSnapshotName@DefaultDrawModuleInfo@FXParticleSystem@@UAEPBDXZ,0x000145C4,0x005D4580,6,src/game/fx_particle_system.cpp,matched,returns class name
?GetSnapshotName@TerrainCollisionModuleInfo@FXParticleSystem@@UAEPBDXZ,0x00018D36,0x005D4790,6,src/game/fx_particle_system.cpp,matched,returns class name
?GetSnapshotName@DefaultColorModuleInfo@FXParticleSystem@@UAEPBDXZ,0x0001B3CE,0x005D4560,6,src/game/fx_particle_system.cpp,matched,returns class name
?GetSnapshotName@RenderObjectUpdateModuleInfo@FXParticleSystem@@UAEPBDXZ,0x0001C837,0x005D4770,6,src/game/fx_particle_system.cpp,matched,returns class name
?GetSnapshotName@EmissionVelocityInfo@FXParticleSystem@@UAEPBDXZ,0x0001DA43,0x005BD7B0,6,src/game/fx_particle_system.cpp,matched,returns class name
?GetSnapshotName@ButterflyDrawModuleInfo@FXParticleSystem@@UAEPBDXZ,0x000204E1,0x005D46E0,6,src/game/fx_particle_system.cpp,matched,returns class name
?GetSnapshotName@QuadDrawModuleInfo@FXParticleSystem@@UAEPBDXZ,0x00024839,0x005D46B0,6,src/game/fx_particle_system.cpp,matched,returns class name
?GetSnapshotName@LightningDrawModuleInfo@FXParticleSystem@@UAEPBDXZ,0x00026323,0x005D4740,6,src/game/fx_particle_system.cpp,matched,returns class name
?GetSnapshotName@RenderObjectDrawModuleInfo@FXParticleSystem@@UAEPBDXZ,0x00026F99,0x005D4710,6,src/game/fx_particle_system.cpp,matched,returns class name
?GetSnapshotName@EmissionVolumeInfo@FXParticleSystem@@UAEPBDXZ,0x00035198,0x005BD660,6,src/game/fx_particle_system.cpp,matched,returns class name
?GetSnapshotName@DefaultAlphaModuleInfo@FXParticleSystem@@UAEPBDXZ,0x00035CA6,0x005D4540,6,src/game/fx_particle_system.cpp,matched,returns class name
?GetSnapshotName@StreakDrawModuleInfo@FXParticleSystem@@UAEPBDXZ,0x0004009D,0x005D4680,6,src/game/fx_particle_system.cpp,matched,returns class name
??4Coord3D@@QAEAAV0@ABV0@@Z,0x000040CA,0x007E5990,28,src/math/coord3d.cpp,matched,copies x/y/z from Coord3D
??4Region2D@@QAEAAU0@ABU0@@Z,0x000068C5,0x007E6D20,34,src/math/region.cpp,matched,copies bounds
??4IRegion2D@@QAEAAU0@ABU0@@Z,0x00022C28,0x007E6D90,34,src/math/region.cpp,matched,copies bounds
??4Region3D@@QAEAAU0@ABU0@@Z,0x00023A5B,0x007E6EC0,46,src/math/region.cpp,matched,copies bounds
?setFromInt@RGBColor@@QAEXH@Z,0x0002CDC7,0x00083370,84,src/math/color.cpp,matched,sets RGB channels from packed int
?Rotate@Coord2D@@QAEAAV1@ABV1@M@Z,0x0002F1E9,0x007E5B80,61,src/math/coord2d.cpp,matched,rotates source by angle
?IsLoading@Xfer@@UBE_NXZ,0x0004A7FA,0x0006B1C0,3,src/game/xfer.cpp,matched,returns false
?LoadPostProcess@ButterflyDrawModuleInfo@FXParticleSystem@@UAEXXZ,0x000073FB,0x005D46D0,1,src/game/fx_particle_system.cpp,matched,no-op
?LoadPostProcess@DefaultAlphaModuleInfo@FXParticleSystem@@UAEXXZ,0x0002379F,0x005D4530,1,src/game/fx_particle_system.cpp,matched,no-op
?LoadPostProcess@DefaultColorModuleInfo@FXParticleSystem@@UAEXXZ,0x0004B65A,0x005D4550,1,src/game/fx_particle_system.cpp,matched,no-op
?LoadPostProcess@DefaultDrawModuleInfo@FXParticleSystem@@UAEXXZ,0x0002EB90,0x005D4570,1,src/game/fx_particle_system.cpp,matched,no-op
?LoadPostProcess@DefaultPhysicsModuleInfo@FXParticleSystem@@UAEXXZ,0x00048F27,0x005D4610,1,src/game/fx_particle_system.cpp,matched,no-op
?LoadPostProcess@DefaultUpdateModuleInfo@FXParticleSystem@@UAEXXZ,0x00024E9C,0x005D4630,1,src/game/fx_particle_system.cpp,matched,no-op
?LoadPostProcess@EmissionVelocityInfo@FXParticleSystem@@UAEXXZ,0x0001EDC1,0x005BD7A0,1,src/game/fx_particle_system.cpp,matched,no-op
?LoadPostProcess@EmissionVolumeInfo@FXParticleSystem@@UAEXXZ,0x0003AED1,0x005BD650,1,src/game/fx_particle_system.cpp,matched,no-op
?LoadPostProcess@LifeEventModuleInfo@FXParticleSystem@@UAEXXZ,0x0001FBD6,0x005D4650,1,src/game/fx_particle_system.cpp,matched,no-op
?LoadPostProcess@LightningDrawModuleInfo@FXParticleSystem@@UAEXXZ,0x0002997E,0x005D4730,1,src/game/fx_particle_system.cpp,matched,no-op
?LoadPostProcess@ParticleSystemInfo@FXParticleSystem@@UAEXXZ,0x0001464B,0x0005C980,1,src/game/fx_particle_system.cpp,matched,no-op
?LoadPostProcess@QuadDrawModuleInfo@FXParticleSystem@@UAEXXZ,0x000205E5,0x005D46A0,1,src/game/fx_particle_system.cpp,matched,no-op
?LoadPostProcess@RenderObjectDrawModuleInfo@FXParticleSystem@@UAEXXZ,0x0004615F,0x005D4700,1,src/game/fx_particle_system.cpp,matched,no-op
?LoadPostProcess@RenderObjectUpdateModuleInfo@FXParticleSystem@@UAEXXZ,0x0001271F,0x005D4760,1,src/game/fx_particle_system.cpp,matched,no-op
?LoadPostProcess@StreakDrawModuleInfo@FXParticleSystem@@UAEXXZ,0x0003D88E,0x005D4670,1,src/game/fx_particle_system.cpp,matched,no-op
?LoadPostProcess@TerrainCollisionModuleInfo@FXParticleSystem@@UAEXXZ,0x0003D208,0x005D4780,1,src/game/fx_particle_system.cpp,matched,no-op
?LoadPostProcess@WindModuleInfo@FXParticleSystem@@UAEXXZ,0x0001B518,0x005BD940,1,src/game/fx_particle_system.cpp,matched,no-op
?DoXfer@EmissionVelocityInfo@FXParticleSystem@@UAEXAAVXfer@@@Z,0x00003C5B,0x005BD7C0,3,src/game/fx_particle_system.cpp,matched,no-op
?DoXfer@EmissionVolumeInfo@FXParticleSystem@@UAEXAAVXfer@@@Z,0x0003D924,0x005BD670,3,src/game/fx_particle_system.cpp,matched,no-op
?Normalize@Coord3D@@QAEMXZ,0x0001E0BA,0x000FE9E0,60,src/math/coord3d.cpp,matched,normalizes and returns length
?IsStoring@Xfer@@UBE_NXZ,0x0003C286,0x007E7680,3,src/game/xfer.cpp,matched,returns false
?IsCRC@Xfer@@UBE_NXZ,0x0001BE7D,0x007E7690,3,src/game/xfer.cpp,matched,returns false
?IsLightCRC@Xfer@@UBE_NXZ,0x00028B78,0x007E76A0,3,src/game/xfer.cpp,matched,returns false
?SkipBadBlock@Xfer@@UAEXAAVSnapshot@@I@Z,0x00048B44,0x0006B1D0,3,src/game/xfer.cpp,matched,no-op
