file,status,located,ambiguous,unlocated,blocker
GameEngine/Source/GameClient/Snow.cpp,ok,0,3,17,
GameEngine/Source/GameClient/ParabolicEase.cpp,ok,0,1,2,
GameEngine/Source/Common/System/ObjectStatusTypes.cpp,ok,0,0,0,
GameEngine/Source/Common/Audio/AudioEventRTS.cpp,ok,0,1,37,
GameEngine/Source/Common/Audio/AudioRequest.cpp,ok,0,0,0,
GameEngine/Source/Common/Audio/DynamicAudioEventInfo.cpp,ok,0,5,30,
GameEngine/Source/Common/Audio/GameAudio.cpp,ok,5,27,136,
GameEngine/Source/Common/Audio/GameMusic.cpp,ok,0,1,4,
GameEngine/Source/Common/BitFlags.cpp,ok,0,0,0,
GameEngine/Source/Common/DamageFX.cpp,ok,3,9,31,
GameEngine/Source/Common/Dict.cpp,ok,16,0,13,
GameEngine/Source/Common/DiscreteCircle.cpp,ok,0,7,10,
GameEngine/Source/Common/GameLOD.cpp,ok,1,1,44,
GameEngine/Source/Common/GameMain.cpp,ok,0,0,1,
GameEngine/Source/Common/INI/INIAiData.cpp,ok,0,0,0,
GameEngine/Source/Common/INI/INIAnimation.cpp,ok,0,0,3,
GameEngine/Source/Common/INI/INIAudioEventInfo.cpp,ok,0,3,27,
GameEngine/Source/Common/INI/INICommandButton.cpp,ok,0,0,2,
GameEngine/Source/Common/INI/INICommandSet.cpp,ok,0,0,0,
GameEngine/Source/Common/INI/INIControlBarScheme.cpp,ok,0,0,3,
GameEngine/Source/Common/INI/INICrate.cpp,ok,0,0,0,
GameEngine/Source/Common/INI/INIDamageFX.cpp,ok,0,0,0,
GameEngine/Source/Common/INI/INIDrawGroupInfo.cpp,ok,2,0,1,
GameEngine/Source/Common/INI/INIGameData.cpp,ok,0,0,0,
GameEngine/Source/Common/INI/INIMapCache.cpp,ok,2,15,68,
GameEngine/Source/Common/INI/INIMapData.cpp,ok,0,0,0,
GameEngine/Source/Common/INI/INIMappedImage.cpp,ok,0,0,6,
GameEngine/Source/Common/INI/INIMiscAudio.cpp,ok,0,0,0,
GameEngine/Source/Common/INI/INIModel.cpp,ok,0,0,0,
GameEngine/Source/Common/INI/INIMultiplayer.cpp,ok,2,0,7,
GameEngine/Source/Common/INI/INIObject.cpp,ok,0,0,3,
GameEngine/Source/Common/INI/INIParticleSys.cpp,ok,0,0,3,
GameEngine/Source/Common/INI/INISpecialPower.cpp,ok,0,0,0,
GameEngine/Source/Common/INI/INITerrain.cpp,ok,0,0,3,
GameEngine/Source/Common/INI/INITerrainBridge.cpp,ok,0,0,3,
GameEngine/Source/Common/INI/INITerrainRoad.cpp,ok,0,0,3,
GameEngine/Source/Common/INI/INIUpgrade.cpp,ok,0,0,0,
GameEngine/Source/Common/INI/INIVideo.cpp,ok,0,0,4,
GameEngine/Source/Common/INI/INIWater.cpp,ok,0,2,14,
GameEngine/Source/Common/INI/INIWeapon.cpp,ok,0,0,0,
GameEngine/Source/Common/Language.cpp,ok,0,0,0,
GameEngine/Source/Common/MessageStream.cpp,ok,14,4,23,
GameEngine/Source/Common/MiniLog.cpp,ok,0,0,0,
GameEngine/Source/Common/MultiplayerSettings.cpp,ok,4,18,45,
GameEngine/Source/Common/NameKeyGenerator.cpp,ok,3,2,11,
GameEngine/Source/Common/PartitionSolver.cpp,ok,0,18,20,
GameEngine/Source/Common/RTS/AcademyStats.cpp,ok,0,2,20,
GameEngine/Source/Common/RTS/Energy.cpp,ok,0,0,11,
GameEngine/Source/Common/RTS/Handicap.cpp,ok,0,1,12,
GameEngine/Source/Common/RTS/MissionStats.cpp,ok,0,0,3,
GameEngine/Source/Common/RTS/Money.cpp,ok,0,0,3,
GameEngine/Source/Common/RTS/PlayerList.cpp,ok,1,1,20,
GameEngine/Source/Common/RTS/PlayerTemplate.cpp,ok,3,36,98,
GameEngine/Source/Common/RTS/ProductionPrerequisite.cpp,ok,3,14,32,
GameEngine/Source/Common/RTS/Science.cpp,ok,2,28,60,
GameEngine/Source/Common/RTS/ScoreKeeper.cpp,ok,0,13,43,
GameEngine/Source/Common/RTS/SpecialPower.cpp,ok,4,13,29,
GameEngine/Source/Common/SkirmishBattleHonors.cpp,ok,0,1,34,
GameEngine/Source/Common/StateMachine.cpp,ok,1,10,48,
GameEngine/Source/Common/System/ArchiveFile.cpp,ok,0,19,88,
GameEngine/Source/Common/System/ArchiveFileSystem.cpp,ok,0,24,106,
GameEngine/Source/Common/System/AsciiString.cpp,ok,0,0,23,
GameEngine/Source/Common/System/CDManager.cpp,ok,6,3,9,
GameEngine/Source/Common/System/CriticalSection.cpp,ok,0,0,0,
GameEngine/Source/Common/System/Directory.cpp,ok,0,0,0,
GameEngine/Source/Common/System/DisabledTypes.cpp,ok,0,0,0,
GameEngine/Source/Common/System/File.cpp,ok,0,0,11,
GameEngine/Source/Common/System/FileSystem.cpp,ok,0,10,28,
GameEngine/Source/Common/System/GameCommon.cpp,ok,0,0,1,
GameEngine/Source/Common/System/GameMemory.cpp,ok,0,1,53,
GameEngine/Source/Common/System/GameType.cpp,ok,0,0,0,
GameEngine/Source/Common/System/KindOf.cpp,ok,0,1,1,
GameEngine/Source/Common/System/LocalFile.cpp,ok,0,0,21,
GameEngine/Source/Common/System/LocalFileSystem.cpp,ok,0,0,0,
GameEngine/Source/Common/System/MemoryInit.cpp,ok,0,0,2,
GameEngine/Source/Common/System/QuickTrig.cpp,ok,0,0,0,
GameEngine/Source/Common/System/QuotedPrintable.cpp,ok,0,0,5,
GameEngine/Source/Common/System/RAMFile.cpp,ok,0,0,23,
GameEngine/Source/Common/System/StackDump.cpp,ok,0,0,0,
GameEngine/Source/Common/System/StreamingArchiveFile.cpp,ok,0,1,8,
GameEngine/Source/Common/System/String.cpp,ok,10,2,0,
GameEngine/Source/Common/System/SubsystemInterface.cpp,ok,1,7,17,
GameEngine/Source/Common/System/UnicodeString.cpp,ok,0,0,16,
GameEngine/Source/Common/System/Upgrade.cpp,ok,2,6,55,
GameEngine/Source/Common/System/XferLoad.cpp,ok,0,1,13,
GameEngine/Source/Common/System/XferSave.cpp,ok,0,1,16,
GameEngine/Source/Common/TerrainTypes.cpp,ok,0,2,15,
GameEngine/Source/Common/Thing/DrawModule.cpp,ok,0,0,1,
GameEngine/Source/Common/Thing/Module.cpp,ok,1,4,34,
GameEngine/Source/Common/Thing/ModuleFactory.cpp,ok,16,200,679,
GameEngine/Source/Common/Thing/Thing.cpp,ok,7,9,23,
GameEngine/Source/Common/version.cpp,ok,0,0,13,
GameEngine/Source/GameClient/DisplayString.cpp,ok,0,1,8,
GameEngine/Source/GameClient/DisplayStringManager.cpp,ok,0,2,2,
GameEngine/Source/GameClient/DrawGroupInfo.cpp,ok,0,1,3,
GameEngine/Source/GameClient/Drawable/DrawableManager.cpp,ok,0,0,0,
GameEngine/Source/GameClient/Drawable/Update/AnimatedParticleSysBoneClientUpdate.cpp,ok,0,1,7,
GameEngine/Source/GameClient/Drawable/Update/SwayClientUpdate.cpp,ok,2,4,11,
GameEngine/Source/GameClient/DrawableManager.cpp,ok,0,0,0,
GameEngine/Source/GameClient/Eva.cpp,ok,0,22,70,
GameEngine/Source/GameClient/GUI/ChallengeGenerals.cpp,ok,0,1,10,
GameEngine/Source/GameClient/GUI/ControlBar/ControlBarMultiSelect.cpp,ok,0,1,7,
GameEngine/Source/GameClient/GUI/GUICallbacks/ReplayControls.cpp,ok,0,0,0,
GameEngine/Source/GameClient/GUI/GameFont.cpp,ok,1,3,9,
GameEngine/Source/GameClient/GUI/WinInstanceData.cpp,ok,1,1,6,
GameEngine/Source/GameClient/GameClientDispatch.cpp,ok,0,0,1,
GameEngine/Source/GameClient/LanguageFilter.cpp,ok,2,9,24,
GameEngine/Source/GameClient/Line2D.cpp,ok,0,0,1,
GameEngine/Source/GameClient/MessageStream/GUICommandTranslator.cpp,ok,0,2,7,
GameEngine/Source/GameClient/RadiusDecal.cpp,ok,0,0,15,
GameEngine/Source/GameClient/System/CampaignManager.cpp,ok,2,1,55,
GameEngine/Source/GameClient/System/Debug Displayers/AudioDebugDisplay.cpp,ok,0,0,0,
GameEngine/Source/GameClient/System/DebugDisplay.cpp,ok,0,2,3,
GameEngine/Source/GameClient/System/Image.cpp,ok,2,10,28,
GameEngine/Source/GameClient/System/RayEffect.cpp,ok,0,1,1,
GameEngine/Source/GameClient/System/Smudge.cpp,ok,2,9,26,
GameEngine/Source/GameClient/Terrain/TerrainRoads.cpp,ok,1,1,43,
GameEngine/Source/GameClient/VideoPlayer.cpp,ok,3,15,33,
GameEngine/Source/GameClient/View.cpp,ok,2,2,11,
GameEngine/Source/GameClient/Water.cpp,ok,0,1,4,
GameEngine/Source/GameLogic/AI/AIDock.cpp,ok,0,1,66,
GameEngine/Source/GameLogic/AI/AIGroup.cpp,ok,1,29,163,
GameEngine/Source/GameLogic/AI/Squad.cpp,ok,2,19,27,
GameEngine/Source/GameLogic/Map/PolygonTrigger.cpp,ok,0,0,27,
GameEngine/Source/GameLogic/Map/SidesList.cpp,ok,2,2,65,
GameEngine/Source/GameLogic/Object/Armor.cpp,ok,0,9,29,
GameEngine/Source/GameLogic/Object/Behavior/BattleBusSlowDeathBehavior.cpp,ok,0,4,29,
GameEngine/Source/GameLogic/Object/Behavior/BehaviorModule.cpp,ok,0,0,1,
GameEngine/Source/GameLogic/Object/Behavior/BridgeScaffoldBehavior.cpp,ok,3,1,10,
GameEngine/Source/GameLogic/Object/Behavior/BridgeTowerBehavior.cpp,ok,0,1,15,
GameEngine/Source/GameLogic/Object/Behavior/BunkerBusterBehavior.cpp,ok,0,5,24,
GameEngine/Source/GameLogic/Object/Behavior/FireWeaponWhenDamagedBehavior.cpp,ok,0,2,18,
GameEngine/Source/GameLogic/Object/Behavior/FireWeaponWhenDeadBehavior.cpp,ok,0,2,16,
GameEngine/Source/GameLogic/Object/Behavior/InstantDeathBehavior.cpp,ok,0,16,42,
GameEngine/Source/GameLogic/Object/Behavior/JetSlowDeathBehavior.cpp,ok,0,5,31,
GameEngine/Source/GameLogic/Object/Behavior/MinefieldBehavior.cpp,ok,0,15,36,
GameEngine/Source/GameLogic/Object/Behavior/POWTruckBehavior.cpp,ok,0,0,0,
GameEngine/Source/GameLogic/Object/Behavior/ParkingPlaceBehavior.cpp,ok,2,25,103,
GameEngine/Source/GameLogic/Object/Behavior/PoisonedBehavior.cpp,ok,1,6,17,
GameEngine/Source/GameLogic/Object/Behavior/PrisonBehavior.cpp,ok,0,0,0,
GameEngine/Source/GameLogic/Object/Behavior/PropagandaCenterBehavior.cpp,ok,0,0,0,
GameEngine/Source/GameLogic/Object/Behavior/RebuildHoleBehavior.cpp,ok,0,7,35,
GameEngine/Source/GameLogic/Object/Behavior/SlowDeathBehavior.cpp,ok,2,21,56,
GameEngine/Source/GameLogic/Object/Behavior/SupplyWarehouseCripplingBehavior.cpp,ok,0,5,12,
GameEngine/Source/GameLogic/Object/Behavior/TechBuildingBehavior.cpp,ok,0,6,11,
GameEngine/Source/GameLogic/Object/Body/BodyModule.cpp,ok,0,0,1,
GameEngine/Source/GameLogic/Object/Body/HighlanderBody.cpp,ok,0,2,8,
GameEngine/Source/GameLogic/Object/Body/HiveStructureBody.cpp,ok,0,5,13,
GameEngine/Source/GameLogic/Object/Body/ImmortalBody.cpp,ok,0,2,8,
GameEngine/Source/GameLogic/Object/Body/InactiveBody.cpp,ok,0,1,11,
GameEngine/Source/GameLogic/Object/Body/StructureBody.cpp,ok,0,1,7,
GameEngine/Source/GameLogic/Object/Body/UndeadBody.cpp,ok,0,4,11,
GameEngine/Source/GameLogic/Object/Collide/CollideModule.cpp,ok,0,0,1,
GameEngine/Source/GameLogic/Object/Collide/CrateCollide/CrateCollide.cpp,ok,0,6,22,
GameEngine/Source/GameLogic/Object/Collide/CrateCollide/HealCrateCollide.cpp,ok,0,1,5,
GameEngine/Source/GameLogic/Object/Collide/CrateCollide/MoneyCrateCollide.cpp,ok,0,1,8,
GameEngine/Source/GameLogic/Object/Collide/CrateCollide/SalvageCrateCollide.cpp,ok,0,4,21,
GameEngine/Source/GameLogic/Object/Collide/FireWeaponCollide.cpp,ok,0,2,28,
GameEngine/Source/GameLogic/Object/Contain/HealContain.cpp,ok,0,3,13,
GameEngine/Source/GameLogic/Object/Contain/InternetHackContain.cpp,ok,0,3,17,
GameEngine/Source/GameLogic/Object/Contain/MobNexusContain.cpp,ok,0,5,23,
GameEngine/Source/GameLogic/Object/Contain/RailedTransportContain.cpp,ok,0,1,8,
GameEngine/Source/GameLogic/Object/Contain/RiderChangeContain.cpp,ok,1,6,33,
GameEngine/Source/GameLogic/Object/Contain/TransportContain.cpp,ok,0,6,33,
GameEngine/Source/GameLogic/Object/Create/CreateModule.cpp,ok,0,0,5,
GameEngine/Source/GameLogic/Object/Create/GrantUpgradeCreate.cpp,ok,1,7,18,
GameEngine/Source/GameLogic/Object/Create/LockWeaponCreate.cpp,ok,0,6,5,
GameEngine/Source/GameLogic/Object/Create/PreorderCreate.cpp,ok,0,1,5,
GameEngine/Source/GameLogic/Object/Create/SpecialPowerCreate.cpp,ok,0,1,5,
GameEngine/Source/GameLogic/Object/Create/SupplyCenterCreate.cpp,ok,0,1,5,
GameEngine/Source/GameLogic/Object/Create/SupplyWarehouseCreate.cpp,ok,0,1,5,
GameEngine/Source/GameLogic/Object/Create/VeterancyGainCreate.cpp,ok,0,5,6,
GameEngine/Source/GameLogic/Object/Damage/BoneFXDamage.cpp,ok,1,1,9,
GameEngine/Source/GameLogic/Object/Damage/DamageModule.cpp,ok,0,0,1,
GameEngine/Source/GameLogic/Object/Damage/TransitionDamageFX.cpp,ok,1,6,28,
GameEngine/Source/GameLogic/Object/Destroy/DestroyModule.cpp,ok,0,0,5,
GameEngine/Source/GameLogic/Object/Die/CreateObjectDie.cpp,ok,0,6,17,
GameEngine/Source/GameLogic/Object/Die/CrushDie.cpp,ok,0,3,14,
GameEngine/Source/GameLogic/Object/Die/DamDie.cpp,ok,0,5,11,
GameEngine/Source/GameLogic/Object/Die/DestroyDie.cpp,ok,0,1,9,
GameEngine/Source/GameLogic/Object/Die/DieModule.cpp,ok,0,1,17,
GameEngine/Source/GameLogic/Object/Die/EjectPilotDie.cpp,ok,0,6,15,
GameEngine/Source/GameLogic/Object/Die/FXListDie.cpp,ok,1,1,16,
GameEngine/Source/GameLogic/Object/Die/KeepObjectDie.cpp,ok,0,1,8,
GameEngine/Source/GameLogic/Object/Die/RebuildHoleExposeDie.cpp,ok,0,7,16,
GameEngine/Source/GameLogic/Object/Die/SpecialPowerCompletionDie.cpp,ok,0,4,12,
GameEngine/Source/GameLogic/Object/Die/UpgradeDie.cpp,ok,0,1,10,
GameEngine/Source/GameLogic/Object/ExperienceTracker.cpp,ok,0,0,15,
GameEngine/Source/GameLogic/Object/FiringTracker.cpp,ok,0,3,22,
GameEngine/Source/GameLogic/Object/GhostObject.cpp,ok,0,2,5,
GameEngine/Source/GameLogic/Object/Helper/ObjectDefectionHelper.cpp,ok,0,2,8,
GameEngine/Source/GameLogic/Object/Helper/ObjectHelper.cpp,ok,0,1,6,
GameEngine/Source/GameLogic/Object/Helper/ObjectRepulsorHelper.cpp,ok,0,2,6,
GameEngine/Source/GameLogic/Object/Helper/ObjectSMCHelper.cpp,ok,0,1,3,
GameEngine/Source/GameLogic/Object/Helper/ObjectWeaponStatusHelper.cpp,ok,0,1,3,
GameEngine/Source/GameLogic/Object/Helper/StatusDamageHelper.cpp,ok,0,2,16,
GameEngine/Source/GameLogic/Object/Helper/SubdualDamageHelper.cpp,ok,0,1,16,
GameEngine/Source/GameLogic/Object/Helper/TempWeaponBonusHelper.cpp,ok,0,1,13,
GameEngine/Source/GameLogic/Object/ObjectTypes.cpp,ok,0,20,48,
GameEngine/Source/GameLogic/Object/SimpleObjectIterator.cpp,ok,3,1,10,
GameEngine/Source/GameLogic/Object/SpecialPower/BaikonurLaunchPower.cpp,ok,0,3,10,
GameEngine/Source/GameLogic/Object/SpecialPower/CashBountyPower.cpp,ok,0,3,8,
GameEngine/Source/GameLogic/Object/SpecialPower/CleanupAreaPower.cpp,ok,0,3,7,
GameEngine/Source/GameLogic/Object/SpecialPower/DefectorSpecialPower.cpp,ok,0,6,8,
GameEngine/Source/GameLogic/Object/SpecialPower/DemoralizeSpecialPower.cpp,ok,0,0,0,
GameEngine/Source/GameLogic/Object/SpecialPower/FireWeaponPower.cpp,ok,0,3,17,
GameEngine/Source/GameLogic/Object/SpecialPower/SpecialAbility.cpp,ok,0,1,6,
GameEngine/Source/GameLogic/Object/SpecialPower/SpecialPowerModule.cpp,ok,4,10,34,
GameEngine/Source/GameLogic/Object/SpecialPower/SpyVisionSpecialPower.cpp,ok,0,3,7,
GameEngine/Source/GameLogic/Object/Update/AIUpdate/HackInternetAIUpdate.cpp,ok,0,6,59,
GameEngine/Source/GameLogic/Object/Update/AIUpdate/RailedTransportAIUpdate.cpp,ok,0,2,23,
GameEngine/Source/GameLogic/Object/Update/AIUpdate/TransportAIUpdate.cpp,ok,0,2,23,
GameEngine/Source/GameLogic/Object/Update/AIUpdate/WanderAIUpdate.cpp,ok,0,1,15,
GameEngine/Source/GameLogic/Object/Update/AnimationSteeringUpdate.cpp,ok,0,7,12,
GameEngine/Source/GameLogic/Object/Update/AssistedTargetingUpdate.cpp,ok,0,1,21,
GameEngine/Source/GameLogic/Object/Update/AutoDepositUpdate.cpp,ok,0,3,25,
GameEngine/Source/GameLogic/Object/Update/BaseRenerateUpdate.cpp,ok,0,6,13,
GameEngine/Source/GameLogic/Object/Update/BoneFXUpdate.cpp,ok,4,14,49,
GameEngine/Source/GameLogic/Object/Update/CheckpointUpdate.cpp,ok,0,1,11,
GameEngine/Source/GameLogic/Object/Update/DeletionUpdate.cpp,ok,0,1,10,
GameEngine/Source/GameLogic/Object/Update/DockUpdate/PrisonDockUpdate.cpp,ok,0,0,0,
GameEngine/Source/GameLogic/Object/Update/DockUpdate/RepairDockUpdate.cpp,ok,1,3,9,
GameEngine/Source/GameLogic/Object/Update/DockUpdate/SupplyCenterDockUpdate.cpp,ok,0,5,9,
GameEngine/Source/GameLogic/Object/Update/DynamicGeometryInfoUpdate.cpp,ok,0,3,12,
GameEngine/Source/GameLogic/Object/Update/DynamicShroudClearingRangeUpdate.cpp,ok,0,6,17,
GameEngine/Source/GameLogic/Object/Update/EnemyNearUpdate.cpp,ok,0,1,10,
GameEngine/Source/GameLogic/Object/Update/FireOCLAfterWeaponCooldownUpdate.cpp,ok,0,9,31,
GameEngine/Source/GameLogic/Object/Update/FireWeaponUpdate.cpp,ok,0,6,18,
GameEngine/Source/GameLogic/Object/Update/FlammableUpdate.cpp,ok,1,7,28,
GameEngine/Source/GameLogic/Object/Update/FloatUpdate.cpp,ok,0,8,9,
GameEngine/Source/GameLogic/Object/Update/HelicopterSlowDeathUpdate.cpp,ok,2,5,28,
GameEngine/Source/GameLogic/Object/Update/LaserUpdate.cpp,ok,0,7,19,
GameEngine/Source/GameLogic/Object/Update/LifetimeUpdate.cpp,ok,0,1,10,
GameEngine/Source/GameLogic/Object/Update/MissileLauncherBuildingUpdate.cpp,ok,1,3,12,
GameEngine/Source/GameLogic/Object/Update/PhysicsUpdate.cpp,ok,3,16,70,
GameEngine/Source/GameLogic/Object/Update/PowerPlantUpdate.cpp,ok,0,7,13,
GameEngine/Source/GameLogic/Object/Update/ProductionExitUpdate/DefaultProductionExitUpdate.cpp,ok,0,17,24,
GameEngine/Source/GameLogic/Object/Update/ProductionExitUpdate/QueueProductionExitUpdate.cpp,ok,1,16,28,
GameEngine/Source/GameLogic/Object/Update/ProductionExitUpdate/SpawnPointProductionExitUpdate.cpp,ok,1,2,12,
GameEngine/Source/GameLogic/Object/Update/ProductionExitUpdate/SupplyCenterProductionExitUpdate.cpp,ok,0,18,27,
GameEngine/Source/GameLogic/Object/Update/ProjectileStreamUpdate.cpp,ok,0,1,15,
GameEngine/Source/GameLogic/Object/Update/ProneUpdate.cpp,ok,0,4,15,
GameEngine/Source/GameLogic/Object/Update/RadarUpdate.cpp,ok,0,6,10,
GameEngine/Source/GameLogic/Object/Update/RadiusDecalUpdate.cpp,ok,0,2,15,
GameEngine/Source/GameLogic/Object/Update/SmartBombTargetHomingUpdate.cpp,ok,0,1,10,
GameEngine/Source/GameLogic/Object/Update/SpecialPowerUpdateModule.cpp,ok,0,0,8,
GameEngine/Source/GameLogic/Object/Update/SpyVisionUpdate.cpp,ok,0,1,16,
GameEngine/Source/GameLogic/Object/Update/StructureCollapseUpdate.cpp,ok,4,8,28,
GameEngine/Source/GameLogic/Object/Update/StructureToppleUpdate.cpp,ok,3,11,40,
GameEngine/Source/GameLogic/Object/Update/ToppleUpdate.cpp,ok,2,9,26,
GameEngine/Source/GameLogic/Object/Update/UpdateModule.cpp,ok,2,0,2,
GameEngine/Source/GameLogic/Object/Upgrade/ActiveShroudUpgrade.cpp,ok,0,9,24,
GameEngine/Source/GameLogic/Object/Upgrade/ArmorUpgrade.cpp,ok,0,1,9,
GameEngine/Source/GameLogic/Object/Upgrade/CommandSetUpgrade.cpp,ok,0,2,18,
GameEngine/Source/GameLogic/Object/Upgrade/CostModifierUpgrade.cpp,ok,0,10,33,
GameEngine/Source/GameLogic/Object/Upgrade/ExperienceScalarUpgrade.cpp,ok,0,9,24,
GameEngine/Source/GameLogic/Object/Upgrade/GrantScienceUpgrade.cpp,ok,0,2,9,
GameEngine/Source/GameLogic/Object/Upgrade/LocomotorSetUpgrade.cpp,ok,0,1,8,
GameEngine/Source/GameLogic/Object/Upgrade/MaxHealthUpgrade.cpp,ok,0,9,24,
GameEngine/Source/GameLogic/Object/Upgrade/ModelConditionUpgrade.cpp,ok,1,9,23,
GameEngine/Source/GameLogic/Object/Upgrade/ObjectCreationUpgrade.cpp,ok,0,9,25,
GameEngine/Source/GameLogic/Object/Upgrade/PassengersFireUpgrade.cpp,ok,0,1,9,
GameEngine/Source/GameLogic/Object/Upgrade/PowerPlantUpgrade.cpp,ok,0,1,12,
GameEngine/Source/GameLogic/Object/Upgrade/RadarUpgrade.cpp,ok,0,2,11,
GameEngine/Source/GameLogic/Object/Upgrade/ReplaceObjectUpgrade.cpp,ok,0,4,9,
GameEngine/Source/GameLogic/Object/Upgrade/StatusBitsUpgrade.cpp,ok,0,3,17,
GameEngine/Source/GameLogic/Object/Upgrade/StealthUpgrade.cpp,ok,0,2,11,
GameEngine/Source/GameLogic/Object/Upgrade/SubObjectsUpgrade.cpp,ok,0,2,14,
GameEngine/Source/GameLogic/Object/Upgrade/UnpauseSpecialPowerUpgrade.cpp,ok,0,9,24,
GameEngine/Source/GameLogic/Object/Upgrade/UpgradeModule.cpp,ok,0,0,14,
GameEngine/Source/GameLogic/Object/Upgrade/WeaponBonusUpgrade.cpp,ok,0,1,8,
GameEngine/Source/GameLogic/Object/Upgrade/WeaponSetUpgrade.cpp,ok,0,1,8,
GameEngine/Source/GameLogic/Object/WeaponSet.cpp,ok,2,12,57,
GameEngine/Source/GameLogic/System/CaveSystem.cpp,ok,1,8,16,
GameEngine/Source/GameLogic/System/CrateSystem.cpp,ok,1,13,58,
GameEngine/Source/GameLogic/System/Damage.cpp,ok,0,0,6,
GameEngine/Source/GameLogic/System/RankInfo.cpp,ok,1,15,30,
GameEngine/Source/GameNetwork/GameMessageParser.cpp,ok,1,0,8,
GameEngine/Source/GameNetwork/GameSpy/GSConfig.cpp,ok,3,15,72,
GameEngine/Source/GameNetwork/NetCommandMsg.cpp,ok,3,8,100,
GameEngine/Source/GameNetwork/NetCommandRef.cpp,ok,1,0,3,
GameEngine/Source/GameNetwork/NetCommandWrapperList.cpp,ok,2,0,15,
GameEngine/Source/GameNetwork/NetMessageStream.cpp,ok,0,0,0,
GameEngine/Source/GameNetwork/User.cpp,ok,1,0,8,
GameEngine/Source/Precompiled/PreRTS.cpp,ok,0,0,0,
GameEngineDevice/Source/W3DDevice/Common/W3DConvert.cpp,ok,1,0,2,
GameEngineDevice/Source/W3DDevice/GameClient/W3DGranny.cpp,ok,0,0,0,
GameEngineDevice/Source/W3DDevice/GameClient/W3DPoly.cpp,ok,0,5,1,
GameEngineDevice/Source/W3DDevice/GameLogic/W3DGameLogic.cpp,ok,0,0,0,
GameEngineDevice/Source/Win32Device/Common/Win32LocalFile.cpp,ok,0,0,2,
GameEngineDevice/Source/W3DDevice/GameClient/W3DAssetManagerExposed.cpp,ok,0,0,0,
GameEngineDevice/Source/W3DDevice/GameClient/W3DDynamicLight.cpp,ok,0,3,11,
GameEngineDevice/Source/W3DDevice/Common/Thing/W3DModuleFactory.cpp,ok,0,5,49,
GameEngineDevice/Source/W3DDevice/Common/Thing/W3DThingFactory.cpp,ok,0,1,0,
GameEngineDevice/Source/W3DDevice/GameClient/Drawable/Draw/W3DDebrisDraw.cpp,ok,1,6,14,
GameEngineDevice/Source/W3DDevice/GameClient/Drawable/Draw/W3DDefaultDraw.cpp,ok,1,5,11,
GameEngineDevice/Source/W3DDevice/GameClient/Drawable/Draw/W3DDependencyModelDraw.cpp,ok,0,4,10,
GameEngineDevice/Source/W3DDevice/GameClient/Drawable/Draw/W3DLaserDraw.cpp,ok,0,5,12,
GameEngineDevice/Source/W3DDevice/GameClient/Drawable/Draw/W3DOverlordAircraftDraw.cpp,ok,0,3,7,
GameEngineDevice/Source/W3DDevice/GameClient/Drawable/Draw/W3DOverlordTankDraw.cpp,ok,0,3,10,
GameEngineDevice/Source/W3DDevice/GameClient/Drawable/Draw/W3DOverlordTruckDraw.cpp,ok,0,3,10,
GameEngineDevice/Source/W3DDevice/GameClient/Drawable/Draw/W3DPoliceCarDraw.cpp,ok,0,3,10,
GameEngineDevice/Source/W3DDevice/GameClient/Drawable/Draw/W3DProjectileStreamDraw.cpp,ok,0,5,14,
GameEngineDevice/Source/W3DDevice/GameClient/Drawable/Draw/W3DRopeDraw.cpp,ok,1,14,20,
GameEngineDevice/Source/W3DDevice/GameClient/Drawable/Draw/W3DScienceModelDraw.cpp,ok,0,2,6,
GameEngineDevice/Source/W3DDevice/GameClient/Drawable/Draw/W3DSupplyDraw.cpp,ok,0,8,22,
GameEngineDevice/Source/W3DDevice/GameClient/Drawable/Draw/W3DTracerDraw.cpp,ok,0,4,11,
GameEngineDevice/Source/W3DDevice/GameClient/GUI/GUICallbacks/W3DMOTD.cpp,ok,1,0,0,
GameEngineDevice/Source/W3DDevice/GameClient/TileData.cpp,ok,4,2,0,
GameEngineDevice/Source/W3DDevice/GameClient/W3DDebugDisplay.cpp,ok,0,3,5,
GameEngineDevice/Source/W3DDevice/GameClient/W3DFileSystem.cpp,ok,5,4,5,
GameEngineDevice/Source/W3DDevice/GameClient/W3DInGameUI.cpp,ok,0,1,9,
GameEngineDevice/Source/W3DDevice/GameClient/W3DVideoBuffer.cpp,ok,0,2,9,
GameEngineDevice/Source/W3DDevice/GameLogic/W3DGhostObject.cpp,ok,1,5,29,
GameEngineDevice/Source/Win32Device/Common/Win32BIGFile.cpp,ok,1,1,8,
GameEngineDevice/Source/Win32Device/Common/Win32LocalFileSystem.cpp,ok,1,3,25,
GameEngineDevice/Source/W3DDevice/Common/System/W3DFunctionLexicon.cpp,ok,0,10,1,
GameEngineDevice/Source/W3DDevice/GameClient/GUI/GUICallbacks/W3DControlBar.cpp,ok,1,10,16,
GameEngineDevice/Source/W3DDevice/GameClient/GUI/GUICallbacks/W3DMainMenu.cpp,ok,0,10,12,
GameEngineDevice/Source/W3DDevice/GameClient/GUI/Gadget/W3DCheckBox.cpp,ok,0,9,4,
GameEngineDevice/Source/W3DDevice/GameClient/GUI/Gadget/W3DComboBox.cpp,ok,0,9,3,
GameEngineDevice/Source/W3DDevice/GameClient/GUI/Gadget/W3DHorizontalSlider.cpp,ok,0,9,7,
GameEngineDevice/Source/W3DDevice/GameClient/GUI/Gadget/W3DListBox.cpp,ok,0,9,5,
GameEngineDevice/Source/W3DDevice/GameClient/GUI/Gadget/W3DProgressBar.cpp,ok,0,10,4,
GameEngineDevice/Source/W3DDevice/GameClient/GUI/Gadget/W3DPushButton.cpp,ok,0,9,7,
GameEngineDevice/Source/W3DDevice/GameClient/GUI/Gadget/W3DRadioButton.cpp,ok,0,9,4,
GameEngineDevice/Source/W3DDevice/GameClient/GUI/Gadget/W3DStaticText.cpp,ok,0,9,4,
GameEngineDevice/Source/W3DDevice/GameClient/GUI/Gadget/W3DTabControl.cpp,ok,0,9,3,
GameEngineDevice/Source/W3DDevice/GameClient/GUI/Gadget/W3DTextEntry.cpp,ok,0,9,4,
GameEngineDevice/Source/W3DDevice/GameClient/GUI/Gadget/W3DVerticalSlider.cpp,ok,0,9,3,
GameEngineDevice/Source/W3DDevice/GameClient/GUI/W3DGameFont.cpp,ok,0,9,3,
GameEngineDevice/Source/W3DDevice/GameClient/GUI/W3DGameWindow.cpp,ok,0,9,17,
GameEngineDevice/Source/W3DDevice/GameClient/GUI/W3DGameWindowManager.cpp,ok,0,10,3,
GameEngineDevice/Source/W3DDevice/GameClient/W3DDisplayString.cpp,ok,3,13,18,
GameEngineDevice/Source/W3DDevice/GameClient/W3DDisplayStringManager.cpp,ok,2,10,10,
GameEngineDevice/Source/MilesAudioDevice/MilesAudioManager.cpp,missing-header,0,0,0,dsound.h
GameEngineDevice/Source/VideoDevice/Bink/BinkVideoPlayer.cpp,compile-error,0,0,0,C2146 syntax error : missing ';' before identifier 'm_handle'
GameEngineDevice/Source/W3DDevice/Common/System/W3DRadar.cpp,ok,3,6,41,
GameEngineDevice/Source/W3DDevice/GameClient/BaseHeightMap.cpp,compile-error,0,0,0,C2065 'D3DCOLORWRITEENABLE_RED' : undeclared identifier
GameEngineDevice/Source/W3DDevice/GameClient/Drawable/Draw/W3DModelDraw.cpp,missing-header,0,0,0,winsock2.h
GameEngineDevice/Source/W3DDevice/GameClient/Drawable/Draw/W3DPropDraw.cpp,ok,0,4,9,
GameEngineDevice/Source/W3DDevice/GameClient/Drawable/Draw/W3DTankDraw.cpp,compile-error,0,0,0,C2146 syntax error : missing ';' before identifier 'm_handle'
GameEngineDevice/Source/W3DDevice/GameClient/Drawable/Draw/W3DTankTruckDraw.cpp,compile-error,0,0,0,C2146 syntax error : missing ';' before identifier 'm_handle'
GameEngineDevice/Source/W3DDevice/GameClient/Drawable/Draw/W3DTreeDraw.cpp,ok,0,3,11,
GameEngineDevice/Source/W3DDevice/GameClient/Drawable/Draw/W3DTruckDraw.cpp,compile-error,0,0,0,C2146 syntax error : missing ';' before identifier 'm_handle'
GameEngineDevice/Source/W3DDevice/GameClient/FlatHeightMap.cpp,compile-error,0,0,0,C2065 'D3DRS_COLORWRITEENABLE' : undeclared identifier
GameEngineDevice/Source/W3DDevice/GameClient/HeightMap.cpp,compile-error,0,0,0,C2065 'D3DTSS_COLORARG2' : undeclared identifier
GameEngineDevice/Source/W3DDevice/GameClient/Shadow/W3DBufferManager.cpp,compile-error,0,0,0,"C3861 '__max': identifier not found, even with argument-dependent lookup"
GameEngineDevice/Source/W3DDevice/GameClient/Shadow/W3DProjectedShadow.cpp,compile-error,0,0,0,C2065 'D3DRS_ALPHATESTENABLE' : undeclared identifier
GameEngineDevice/Source/W3DDevice/GameClient/Shadow/W3DShadow.cpp,ok,1,5,6,
GameEngineDevice/Source/W3DDevice/GameClient/Shadow/W3DVolumetricShadow.cpp,compile-error,0,0,0,C2065 'D3DRS_STENCILZFAIL' : undeclared identifier
GameEngineDevice/Source/W3DDevice/GameClient/TerrainTex.cpp,compile-error,0,0,0,C2065 'D3DTOP_MODULATE' : undeclared identifier
GameEngineDevice/Source/W3DDevice/GameClient/W3DAssetManager.cpp,compile-error,0,0,0,C2039 'lstrcat' : is not a member of 'operator``global namespace'''
GameEngineDevice/Source/W3DDevice/GameClient/W3DBibBuffer.cpp,ok,6,2,11,
GameEngineDevice/Source/W3DDevice/GameClient/W3DBridgeBuffer.cpp,ok,6,14,50,
GameEngineDevice/Source/W3DDevice/GameClient/W3DCustomEdging.cpp,compile-error,0,0,0,"C3861 'D3DRS_ALPHAREF': identifier not found, even with argument-dependent lookup"
GameEngineDevice/Source/W3DDevice/GameClient/W3DDebugIcons.cpp,ok,0,0,0,
GameEngineDevice/Source/W3DDevice/GameClient/W3DDisplay.cpp,missing-header,0,0,0,netdb.h
GameEngineDevice/Source/W3DDevice/GameClient/W3DGameClient.cpp,compile-error,0,0,0,C2146 syntax error : missing ';' before identifier 'm_handle'
GameEngineDevice/Source/W3DDevice/GameClient/W3DMouse.cpp,compile-error,0,0,0,C2061 syntax error : identifier 'WPARAM'
GameEngineDevice/Source/W3DDevice/GameClient/W3DParticleSys.cpp,ok,0,3,21,
GameEngineDevice/Source/W3DDevice/GameClient/W3DPropBuffer.cpp,ok,1,8,21,
GameEngineDevice/Source/W3DDevice/GameClient/W3DRoadBuffer.cpp,ok,33,17,52,
GameEngineDevice/Source/W3DDevice/GameClient/W3DScene.cpp,compile-error,0,0,0,"C3861 'D3DRS_STENCILPASS': identifier not found, even with argument-dependent lookup"
GameEngineDevice/Source/W3DDevice/GameClient/W3DShaderManager.cpp,missing-header,0,0,0,Benchmark.h
GameEngineDevice/Source/W3DDevice/GameClient/W3DShroud.cpp,compile-error,0,0,0,C2065 'D3DLOCKED_RECT' : undeclared identifier
GameEngineDevice/Source/W3DDevice/GameClient/W3DSmudge.cpp,compile-error,0,0,0,"C3861 'D3DDesc': identifier not found, even with argument-dependent lookup"
GameEngineDevice/Source/W3DDevice/GameClient/W3DSnow.cpp,compile-error,0,0,0,C2146 syntax error : missing ')' before identifier 'f'
GameEngineDevice/Source/W3DDevice/GameClient/W3DStatusCircle.cpp,compile-error,0,0,0,C2065 'D3DRS_BLENDOP' : undeclared identifier
GameEngineDevice/Source/W3DDevice/GameClient/W3DTerrainBackground.cpp,ok,1,4,18,
GameEngineDevice/Source/W3DDevice/GameClient/W3DTerrainTracks.cpp,ok,3,14,39,
GameEngineDevice/Source/W3DDevice/GameClient/W3DTerrainVisual.cpp,compile-error,0,0,0,C2668 'sqrt' : ambiguous call to overloaded function
GameEngineDevice/Source/W3DDevice/GameClient/W3DTreeBuffer.cpp,compile-error,0,0,0,"C3861 'D3DXMATRIX': identifier not found, even with argument-dependent lookup"
GameEngineDevice/Source/W3DDevice/GameClient/W3DView.cpp,compile-error,0,0,0,C2061 syntax error : identifier 'WPARAM'
GameEngineDevice/Source/W3DDevice/GameClient/W3DWebBrowser.cpp,missing-header,0,0,0,EABrowserDispatch/BrowserDispatch.h
GameEngineDevice/Source/W3DDevice/GameClient/W3dWaypointBuffer.cpp,ok,0,1,6,
GameEngineDevice/Source/W3DDevice/GameClient/Water/W3DWater.cpp,compile-error,0,0,0,C2065 'D3DFMT_V8U8' : undeclared identifier
GameEngineDevice/Source/W3DDevice/GameClient/Water/W3DWaterTracks.cpp,compile-error,0,0,0,C2065 'D3DTSS_ALPHAOP' : undeclared identifier
GameEngineDevice/Source/W3DDevice/GameClient/WorldHeightMap.cpp,ok,6,33,110,
GameEngineDevice/Source/W3DDevice/GameClient/camerashakesystem.cpp,compile-error,0,0,0,C2248 'CameraShakeSystemClass::CameraShakerClass' : cannot access protected class declared in cl
GameEngineDevice/Source/W3DDevice/GameLogic/W3DTerrainLogic.cpp,ok,0,4,21,
GameEngineDevice/Source/Win32Device/Common/Win32BIGFileSystem.cpp,missing-header,0,0,0,winsock2.h
GameEngineDevice/Source/Win32Device/Common/Win32CDManager.cpp,compile-error,0,0,0,"C3861 'GetVolumeInformation': identifier not found, even with argument-dependent lookup"
GameEngineDevice/Source/Win32Device/Common/Win32GameEngine.cpp,missing-header,0,0,0,netdb.h
GameEngineDevice/Source/Win32Device/Common/Win32OSDisplay.cpp,compile-error,0,0,0,C2065 'MB_APPLMODAL' : undeclared identifier
GameEngineDevice/Source/Win32Device/GameClient/Win32DIKeyboard.cpp,compile-error,0,0,0,"C3861 'prop': identifier not found, even with argument-dependent lookup"
GameEngineDevice/Source/Win32Device/GameClient/Win32DIMouse.cpp,compile-error,0,0,0,C2227 left of '->Unacquire' must point to class/struct/union
GameEngineDevice/Source/Win32Device/GameClient/Win32Mouse.cpp,compile-error,0,0,0,"C3861 'LOWORD': identifier not found, even with argument-dependent lookup"
GameEngine/Source/Common/Audio/GameSounds.cpp,ok,0,1,6,
GameEngine/Source/Common/Audio/GameSpeech.cpp,missing-header,0,0,0,wpaudio/attributes.h
GameEngine/Source/Common/Audio/simpleplayer.cpp,missing-header,0,0,0,wmsdk.h
GameEngine/Source/Common/Audio/urllaunch.cpp,compile-error,0,0,0,C2501 'HRESULT' : missing storage-class or type specifiers
GameEngine/Source/Common/Bezier/BezFwdIterator.cpp,compile-error,0,0,0,C2039 's_bezBasisMatrix' : is not a member of 'BezierSegment'
GameEngine/Source/Common/Bezier/BezierSegment.cpp,compile-error,0,0,0,"C3861 'D3DXVec4Transform': identifier not found, even with argument-dependent lookup"
GameEngine/Source/Common/CRCDebug.cpp,missing-header,0,0,0,netdb.h
GameEngine/Source/Common/CommandLine.cpp,compile-error,0,0,0,C2661 '_stat::_stat' : no overloaded function takes 2 arguments
GameEngine/Source/Common/GameEngine.cpp,missing-header,0,0,0,netdb.h
GameEngine/Source/Common/GlobalData.cpp,missing-header,0,0,0,winsock2.h
GameEngine/Source/Common/INI/INIWebpageURL.cpp,missing-header,0,0,0,EABrowserDispatch/BrowserDispatch.h
GameEngine/Source/Common/PerfTimer.cpp,ok,0,0,0,
GameEngine/Source/Common/RTS/ActionManager.cpp,ok,1,7,39,
GameEngine/Source/Common/RTS/Player.cpp,ok,2,81,347,
GameEngine/Source/Common/RTS/ResourceGatheringManager.cpp,ok,0,0,26,
GameEngine/Source/Common/RTS/Team.cpp,ok,2,37,215,
GameEngine/Source/Common/RTS/TunnelTracker.cpp,ok,0,6,51,
GameEngine/Source/Common/RandomValue.cpp,missing-header,0,0,0,winsock2.h
GameEngine/Source/Common/StatsCollector.cpp,missing-header,0,0,0,netdb.h
GameEngine/Source/Common/System/BuildAssistant.cpp,ok,0,10,76,
GameEngine/Source/Common/System/Compression.cpp,missing-header,0,0,0,Compression.h
GameEngine/Source/Common/System/CopyProtection.cpp,compile-error,0,0,0,C2061 syntax error : identifier 'LPARAM'
GameEngine/Source/Common/System/DataChunk.cpp,missing-header,0,0,0,Compression.h
GameEngine/Source/Common/System/FunctionLexicon.cpp,ok,2,1,7,
GameEngine/Source/Common/System/Radar.cpp,ok,3,3,37,
GameEngine/Source/Common/System/SaveGame/GameState.cpp,compile-error,0,0,0,"C3861 'OSVERSIONINFO': identifier not found, even with argument-dependent lookup"
GameEngine/Source/Common/System/SaveGame/GameStateMap.cpp,compile-error,0,0,0,"C3861 'GetCurrentDirectory': identifier not found, even with argument-dependent lookup"
GameEngine/Source/Common/System/XferCRC.cpp,missing-header,0,0,0,winsock2.h
GameEngine/Source/Common/System/registry.cpp,compile-error,0,0,0,"C3861 'ERROR_SUCCESS': identifier not found, even with argument-dependent lookup"
GameEngine/Source/Common/Thing/ThingFactory.cpp,ok,7,65,164,
GameEngine/Source/Common/Thing/ThingTemplate.cpp,ok,14,117,268,
GameEngine/Source/Common/UserPreferences.cpp,missing-header,0,0,0,GameSpy/Peer/Peer.h
GameEngine/Source/GameClient/Credits.cpp,ok,0,7,27,
GameEngine/Source/GameClient/Display.cpp,compile-error,0,0,0,"C3861 'timeGetTime': identifier not found, even with argument-dependent lookup"
GameEngine/Source/GameClient/Drawable/Update/BeaconClientUpdate.cpp,ok,0,3,12,
GameEngine/Source/GameClient/Drawable.cpp,ok,4,24,214,
GameEngine/Source/GameClient/FXList.cpp,ok,2,15,94,
GameEngine/Source/GameClient/GUI/AnimateWindowManager.cpp,ok,6,1,22,
GameEngine/Source/GameClient/GUI/ControlBar/ControlBar.cpp,ok,8,23,113,
GameEngine/Source/GameClient/GUI/ControlBar/ControlBarBeacon.cpp,ok,0,0,3,
GameEngine/Source/GameClient/GUI/ControlBar/ControlBarCommand.cpp,ok,1,14,25,
GameEngine/Source/GameClient/GUI/ControlBar/ControlBarCommandProcessing.cpp,ok,1,4,5,
GameEngine/Source/GameClient/GUI/ControlBar/ControlBarOCLTimer.cpp,ok,0,0,4,
GameEngine/Source/GameClient/GUI/ControlBar/ControlBarObserver.cpp,ok,1,3,8,
GameEngine/Source/GameClient/GUI/ControlBar/ControlBarPrintPositions.cpp,ok,0,0,4,
GameEngine/Source/GameClient/GUI/ControlBar/ControlBarResizer.cpp,ok,1,1,24,
GameEngine/Source/GameClient/GUI/ControlBar/ControlBarScheme.cpp,ok,3,10,70,
GameEngine/Source/GameClient/GUI/ControlBar/ControlBarStructureInventory.cpp,ok,1,0,4,
GameEngine/Source/GameClient/GUI/ControlBar/ControlBarUnderConstruction.cpp,ok,0,1,7,
GameEngine/Source/GameClient/GUI/DisconnectMenu/DisconnectMenu.cpp,missing-header,0,0,0,netdb.h
GameEngine/Source/GameClient/GUI/EstablishConnectionsMenu/EstablishConnectionsMenu.cpp,missing-header,0,0,0,netdb.h
GameEngine/Source/GameClient/GUI/GUICallbacks/ControlBarCallback.cpp,ok,0,0,9,
GameEngine/Source/GameClient/GUI/GUICallbacks/ControlBarPopupDescription.cpp,missing-header,0,0,0,netdb.h
GameEngine/Source/GameClient/GUI/GUICallbacks/Diplomacy.cpp,missing-header,0,0,0,netdb.h
GameEngine/Source/GameClient/GUI/GUICallbacks/ExtendedMessageBox.cpp,ok,0,0,9,
GameEngine/Source/GameClient/GUI/GUICallbacks/GeneralsExpPoints.cpp,ok,1,0,1,
GameEngine/Source/GameClient/GUI/GUICallbacks/IMECandidate.cpp,ok,0,1,3,
GameEngine/Source/GameClient/GUI/GUICallbacks/InGameChat.cpp,missing-header,0,0,0,netdb.h
GameEngine/Source/GameClient/GUI/GUICallbacks/InGamePopupMessage.cpp,ok,0,0,5,
GameEngine/Source/GameClient/GUI/GUICallbacks/Menus/ChallengeMenu.cpp,ok,0,2,22,
GameEngine/Source/GameClient/GUI/GUICallbacks/Menus/CreditsMenu.cpp,ok,2,0,5,
GameEngine/Source/GameClient/GUI/GUICallbacks/Menus/DifficultySelect.cpp,ok,1,0,5,
GameEngine/Source/GameClient/GUI/GUICallbacks/Menus/DisconnectWindow.cpp,ok,0,1,7,
GameEngine/Source/GameClient/GUI/GUICallbacks/Menus/DownloadMenu.cpp,missing-header,0,0,0,winsock.h
GameEngine/Source/GameClient/GUI/GUICallbacks/Menus/EstablishConnectionsWindow.cpp,missing-header,0,0,0,netdb.h
GameEngine/Source/GameClient/GUI/GUICallbacks/Menus/GameInfoWindow.cpp,missing-header,0,0,0,netdb.h
GameEngine/Source/GameClient/GUI/GUICallbacks/Menus/KeyboardOptionsMenu.cpp,missing-header,0,0,0,netdb.h
GameEngine/Source/GameClient/GUI/GUICallbacks/Menus/LanGameOptionsMenu.cpp,missing-header,0,0,0,netdb.h
GameEngine/Source/GameClient/GUI/GUICallbacks/Menus/LanLobbyMenu.cpp,missing-header,0,0,0,winsock2.h
GameEngine/Source/GameClient/GUI/GUICallbacks/Menus/LanMapSelectMenu.cpp,missing-header,0,0,0,netdb.h
GameEngine/Source/GameClient/GUI/GUICallbacks/Menus/MainMenu.cpp,missing-header,0,0,0,GameSpy/ghttp/ghttp.h
GameEngine/Source/GameClient/GUI/GUICallbacks/Menus/MapSelectMenu.cpp,ok,0,1,28,
GameEngine/Source/GameClient/GUI/GUICallbacks/Menus/NetworkDirectConnect.cpp,missing-header,0,0,0,GameSpy/peer/peer.h
GameEngine/Source/GameClient/GUI/GUICallbacks/Menus/OptionsMenu.cpp,missing-header,0,0,0,GameSpy/ghttp/ghttp.h
GameEngine/Source/GameClient/GUI/GUICallbacks/Menus/PopupCommunicator.cpp,ok,0,0,6,
GameEngine/Source/GameClient/GUI/GUICallbacks/Menus/PopupHostGame.cpp,missing-header,0,0,0,GameSpy/Peer/Peer.h
GameEngine/Source/GameClient/GUI/GUICallbacks/Menus/PopupJoinGame.cpp,missing-header,0,0,0,GameSpy/Peer/Peer.h
GameEngine/Source/GameClient/GUI/GUICallbacks/Menus/PopupLadderSelect.cpp,missing-header,0,0,0,GameSpy/Peer/Peer.h
GameEngine/Source/GameClient/GUI/GUICallbacks/Menus/PopupPlayerInfo.cpp,missing-header,0,0,0,GameSpy/Peer/Peer.h
GameEngine/Source/GameClient/GUI/GUICallbacks/Menus/PopupReplay.cpp,compile-error,0,0,0,"C3861 'timeGetTime': identifier not found, even with argument-dependent lookup"
GameEngine/Source/GameClient/GUI/GUICallbacks/Menus/PopupSaveLoad.cpp,ok,0,0,18,
GameEngine/Source/GameClient/GUI/GUICallbacks/Menus/QuitMenu.cpp,ok,0,0,16,
GameEngine/Source/GameClient/GUI/GUICallbacks/Menus/ReplayMenu.cpp,compile-error,0,0,0,C2065 'FORMAT_MESSAGE_FROM_SYSTEM' : undeclared identifier
GameEngine/Source/GameClient/GUI/GUICallbacks/Menus/ScoreScreen.cpp,missing-header,0,0,0,GameSpy/Peer/Peer.h
GameEngine/Source/GameClient/GUI/GUICallbacks/Menus/SinglePlayerMenu.cpp,ok,0,0,7,
GameEngine/Source/GameClient/GUI/GUICallbacks/Menus/SkirmishGameOptionsMenu.cpp,missing-header,0,0,0,netdb.h
GameEngine/Source/GameClient/GUI/GUICallbacks/Menus/SkirmishMapSelectMenu.cpp,missing-header,0,0,0,netdb.h
GameEngine/Source/GameClient/GUI/GUICallbacks/Menus/WOLBuddyOverlay.cpp,missing-header,0,0,0,GameSpy/Peer/Peer.h
GameEngine/Source/GameClient/GUI/GUICallbacks/Menus/WOLCustomScoreScreen.cpp,ok,0,0,6,
GameEngine/Source/GameClient/GUI/GUICallbacks/Menus/WOLGameSetupMenu.cpp,missing-header,0,0,0,netdb.h
GameEngine/Source/GameClient/GUI/GUICallbacks/Menus/WOLLadderScreen.cpp,missing-header,0,0,0,EABrowserDispatch/BrowserDispatch.h
GameEngine/Source/GameClient/GUI/GUICallbacks/Menus/WOLLobbyMenu.cpp,missing-header,0,0,0,GameSpy/Peer/Peer.h
GameEngine/Source/GameClient/GUI/GUICallbacks/Menus/WOLLocaleSelectPopup.cpp,missing-header,0,0,0,GameSpy/Peer/Peer.h
GameEngine/Source/GameClient/GUI/GUICallbacks/Menus/WOLLoginMenu.cpp,missing-header,0,0,0,GameSpy/Peer/Peer.h
GameEngine/Source/GameClient/GUI/GUICallbacks/Menus/WOLMapSelectMenu.cpp,missing-header,0,0,0,GameSpy/Peer/Peer.h
GameEngine/Source/GameClient/GUI/GUICallbacks/Menus/WOLMessageWindow.cpp,missing-header,0,0,0,netdb.h
GameEngine/Source/GameClient/GUI/GUICallbacks/Menus/WOLQMScoreScreen.cpp,ok,0,0,6,
GameEngine/Source/GameClient/GUI/GUICallbacks/Menus/WOLQuickMatchMenu.cpp,missing-header,0,0,0,netdb.h
GameEngine/Source/GameClient/GUI/GUICallbacks/Menus/WOLStatusMenu.cpp,ok,0,0,6,
GameEngine/Source/GameClient/GUI/GUICallbacks/Menus/WOLWelcomeMenu.cpp,missing-header,0,0,0,GameSpy/peer/peer.h
GameEngine/Source/GameClient/GUI/GUICallbacks/MessageBox.cpp,ok,0,0,10,
GameEngine/Source/GameClient/GUI/Gadget/GadgetCheckBox.cpp,ok,0,0,5,
GameEngine/Source/GameClient/GUI/Gadget/GadgetComboBox.cpp,ok,2,0,23,
GameEngine/Source/GameClient/GUI/Gadget/GadgetHorizontalSlider.cpp,ok,0,0,2,
GameEngine/Source/GameClient/GUI/Gadget/GadgetListBox.cpp,compile-error,0,0,0,"C3861 'GetDoubleClickTime': identifier not found, even with argument-dependent lookup"
GameEngine/Source/GameClient/GUI/Gadget/GadgetProgressBar.cpp,ok,0,0,2,
GameEngine/Source/GameClient/GUI/Gadget/GadgetPushButton.cpp,ok,10,1,9,
GameEngine/Source/GameClient/GUI/Gadget/GadgetRadioButton.cpp,ok,1,0,5,
GameEngine/Source/GameClient/GUI/Gadget/GadgetStaticText.cpp,ok,1,0,4,
GameEngine/Source/GameClient/GUI/Gadget/GadgetTabControl.cpp,ok,5,0,5,
GameEngine/Source/GameClient/GUI/Gadget/GadgetTextEntry.cpp,compile-error,0,0,0,C2065 'VK_RETURN' : undeclared identifier
GameEngine/Source/GameClient/GUI/Gadget/GadgetVerticalSlider.cpp,ok,0,0,2,
GameEngine/Source/GameClient/GUI/GameWindow.cpp,ok,6,1,50,
GameEngine/Source/GameClient/GUI/GameWindowGlobal.cpp,ok,2,1,7,
GameEngine/Source/GameClient/GUI/GameWindowManager.cpp,ok,4,27,77,
GameEngine/Source/GameClient/GUI/GameWindowManagerScript.cpp,ok,13,3,60,
GameEngine/Source/GameClient/GUI/GameWindowTransitions.cpp,ok,0,3,57,
GameEngine/Source/GameClient/GUI/GameWindowTransitionsStyles.cpp,ok,5,21,61,
GameEngine/Source/GameClient/GUI/HeaderTemplate.cpp,compile-error,0,0,0,C2065 'OSVERSIONINFO' : undeclared identifier
GameEngine/Source/GameClient/GUI/IMEManager.cpp,compile-error,0,0,0,"C3861 'm_context': identifier not found, even with argument-dependent lookup"
GameEngine/Source/GameClient/GUI/LoadScreen.cpp,missing-header,0,0,0,GameSpy/Peer/Peer.h
GameEngine/Source/GameClient/GUI/ProcessAnimateWindow.cpp,compile-error,0,0,0,"C3861 'timeGetTime': identifier not found, even with argument-dependent lookup"
GameEngine/Source/GameClient/GUI/Shell/Shell.cpp,missing-header,0,0,0,GameSpy/Peer/Peer.h
GameEngine/Source/GameClient/GUI/Shell/ShellMenuScheme.cpp,ok,1,3,56,
GameEngine/Source/GameClient/GUI/WindowLayout.cpp,ok,0,0,18,
GameEngine/Source/GameClient/GUI/WindowVideoManager.cpp,ok,0,10,34,
GameEngine/Source/GameClient/GameClient.cpp,compile-error,0,0,0,"C3861 'timeGetTime': identifier not found, even with argument-dependent lookup"
GameEngine/Source/GameClient/GameText.cpp,compile-error,0,0,0,C2039 'SetWindowText' : is not a member of 'operator``global namespace'''
GameEngine/Source/GameClient/GlobalLanguage.cpp,compile-error,0,0,0,"C3861 'RemoveFontResource': identifier not found, even with argument-dependent lookup"
GameEngine/Source/GameClient/GraphDraw.cpp,ok,0,0,0,
GameEngine/Source/GameClient/InGameUI.cpp,ok,4,37,280,
GameEngine/Source/GameClient/Input/Keyboard.cpp,compile-error,0,0,0,C2065 'HKL' : undeclared identifier
GameEngine/Source/GameClient/Input/Mouse.cpp,compile-error,0,0,0,"C3861 'timeGetTime': identifier not found, even with argument-dependent lookup"
GameEngine/Source/GameClient/MapUtil.cpp,missing-header,0,0,0,winsock2.h
GameEngine/Source/GameClient/MessageStream/CommandXlat.cpp,missing-header,0,0,0,netdb.h
GameEngine/Source/GameClient/MessageStream/HintSpy.cpp,ok,0,0,1,
GameEngine/Source/GameClient/MessageStream/HotKey.cpp,ok,1,6,39,
GameEngine/Source/GameClient/MessageStream/LookAtXlat.cpp,ok,0,2,6,
GameEngine/Source/GameClient/MessageStream/MetaEvent.cpp,ok,1,4,9,
GameEngine/Source/GameClient/MessageStream/PlaceEventTranslator.cpp,compile-error,0,0,0,C2668 'sqrt' : ambiguous call to overloaded function
GameEngine/Source/GameClient/MessageStream/SelectionXlat.cpp,ok,3,18,53,
GameEngine/Source/GameClient/MessageStream/WindowXlat.cpp,ok,0,2,2,
GameEngine/Source/GameClient/SelectionInfo.cpp,ok,1,2,20,
GameEngine/Source/GameClient/System/Anim2D.cpp,ok,3,3,32,
GameEngine/Source/GameClient/System/ParticleSys.cpp,ok,3,25,146,
GameEngine/Source/GameClient/Terrain/TerrainVisual.cpp,compile-error,0,0,0,C2668 'sqrt' : ambiguous call to overloaded function
GameEngine/Source/GameClient/VideoStream.cpp,ok,0,0,0,
GameEngine/Source/GameLogic/AI/AI.cpp,ok,4,9,63,
GameEngine/Source/GameLogic/AI/AIGuard.cpp,ok,1,2,66,
GameEngine/Source/GameLogic/AI/AIGuardRetaliate.cpp,ok,1,2,61,
GameEngine/Source/GameLogic/AI/AIPathfind.cpp,compile-error,0,0,0,C2668 'sqrt' : ambiguous call to overloaded function
GameEngine/Source/GameLogic/AI/AIPlayer.cpp,ok,2,17,151,
GameEngine/Source/GameLogic/AI/AISkirmishPlayer.cpp,ok,1,6,59,
GameEngine/Source/GameLogic/AI/AIStates.cpp,ok,5,35,430,
GameEngine/Source/GameLogic/AI/AITNGuard.cpp,ok,1,1,63,
GameEngine/Source/GameLogic/AI/TurretAI.cpp,ok,3,2,82,
GameEngine/Source/GameLogic/Map/TerrainLogic.cpp,ok,7,7,96,
GameEngine/Source/GameLogic/Object/Behavior/AutoHealBehavior.cpp,ok,1,1,29,
GameEngine/Source/GameLogic/Object/Behavior/BridgeBehavior.cpp,ok,1,10,98,
GameEngine/Source/GameLogic/Object/Behavior/CountermeasuresBehavior.cpp,ok,0,8,25,
GameEngine/Source/GameLogic/Object/Behavior/DumbProjectileBehavior.cpp,compile-error,0,0,0,C2146 syntax error : missing ';' before identifier 's_bezBasisMatrix'
GameEngine/Source/GameLogic/Object/Behavior/FlightDeckBehavior.cpp,ok,0,39,133,
GameEngine/Source/GameLogic/Object/Behavior/GenerateMinefieldBehavior.cpp,ok,0,16,69,
GameEngine/Source/GameLogic/Object/Behavior/GrantStealthBehavior.cpp,ok,1,1,13,
GameEngine/Source/GameLogic/Object/Behavior/NeutonBlastBehavior.cpp,ok,0,2,21,
GameEngine/Source/GameLogic/Object/Behavior/OverchargeBehavior.cpp,ok,0,6,18,
GameEngine/Source/GameLogic/Object/Behavior/PropagandaTowerBehavior.cpp,ok,1,7,34,
GameEngine/Source/GameLogic/Object/Behavior/SpawnBehavior.cpp,ok,0,5,77,
GameEngine/Source/GameLogic/Object/Body/ActiveBody.cpp,ok,1,15,73,
GameEngine/Source/GameLogic/Object/Collide/CrateCollide/ConvertToCarBombCrateCollide.cpp,ok,0,5,16,
GameEngine/Source/GameLogic/Object/Collide/CrateCollide/ConvertToHijackedVehicleCrateCollide.cpp,ok,0,3,21,
GameEngine/Source/GameLogic/Object/Collide/CrateCollide/SabotageCommandCenterCrateCollide.cpp,ok,0,1,6,
GameEngine/Source/GameLogic/Object/Collide/CrateCollide/SabotageFakeBuilding.cpp,ok,0,1,10,
GameEngine/Source/GameLogic/Object/Collide/CrateCollide/SabotageInternetCenterCrateCollide.cpp,ok,0,1,7,
GameEngine/Source/GameLogic/Object/Collide/CrateCollide/SabotageMilitaryFactoryCrateCollide.cpp,ok,0,1,6,
GameEngine/Source/GameLogic/Object/Collide/CrateCollide/SabotagePowerPlantCrateCollide.cpp,ok,0,1,6,
GameEngine/Source/GameLogic/Object/Collide/CrateCollide/SabotageSuperweaponCrateCollide.cpp,ok,0,1,6,
GameEngine/Source/GameLogic/Object/Collide/CrateCollide/SabotageSupplyCenterCrateCollide.cpp,ok,0,2,6,
GameEngine/Source/GameLogic/Object/Collide/CrateCollide/SabotageSupplyDropzoneCrateCollide.cpp,ok,0,2,6,
GameEngine/Source/GameLogic/Object/Collide/CrateCollide/ShroudCrateCollide.cpp,ok,0,1,5,
GameEngine/Source/GameLogic/Object/Collide/CrateCollide/UnitCrateCollide.cpp,ok,1,1,5,
GameEngine/Source/GameLogic/Object/Collide/CrateCollide/VeterancyCrateCollide.cpp,ok,0,1,9,
GameEngine/Source/GameLogic/Object/Collide/SquishCollide.cpp,ok,0,1,14,
GameEngine/Source/GameLogic/Object/Contain/CaveContain.cpp,ok,0,2,23,
GameEngine/Source/GameLogic/Object/Contain/GarrisonContain.cpp,ok,2,28,85,
GameEngine/Source/GameLogic/Object/Contain/HelixContain.cpp,ok,0,7,45,
GameEngine/Source/GameLogic/Object/Contain/OpenContain.cpp,ok,0,41,137,
GameEngine/Source/GameLogic/Object/Contain/OverlordContain.cpp,ok,0,7,52,
GameEngine/Source/GameLogic/Object/Contain/ParachuteContain.cpp,ok,1,8,55,
GameEngine/Source/GameLogic/Object/Contain/TunnelContain.cpp,ok,0,1,27,
GameEngine/Source/GameLogic/Object/Die/CreateCrateDie.cpp,ok,1,1,32,
GameEngine/Source/GameLogic/Object/Locomotor.cpp,ok,4,35,118,
GameEngine/Source/GameLogic/Object/Object.cpp,ok,4,55,313,
GameEngine/Source/GameLogic/Object/ObjectCreationList.cpp,ok,5,47,127,
GameEngine/Source/GameLogic/Object/PartitionManager.cpp,ok,23,76,315,
GameEngine/Source/GameLogic/Object/SpecialPower/CashHackSpecialPower.cpp,ok,2,11,17,
GameEngine/Source/GameLogic/Object/SpecialPower/OCLSpecialPower.cpp,ok,1,12,23,
GameEngine/Source/GameLogic/Object/Update/AIUpdate/AssaultTransportAIUpdate.cpp,ok,0,2,27,
GameEngine/Source/GameLogic/Object/Update/AIUpdate/ChinookAIUpdate.cpp,ok,1,9,136,
GameEngine/Source/GameLogic/Object/Update/AIUpdate/DeliverPayloadAIUpdate.cpp,ok,0,6,91,
GameEngine/Source/GameLogic/Object/Update/AIUpdate/DeployStyleAIUpdate.cpp,ok,0,4,23,
GameEngine/Source/GameLogic/Object/Update/AIUpdate/DozerAIUpdate.cpp,ok,3,13,107,
GameEngine/Source/GameLogic/Object/Update/AIUpdate/JetAIUpdate.cpp,ok,1,14,165,
GameEngine/Source/GameLogic/Object/Update/AIUpdate/MissileAIUpdate.cpp,ok,0,6,48,
GameEngine/Source/GameLogic/Object/Update/AIUpdate/POWTruckAIUpdate.cpp,ok,0,0,0,
GameEngine/Source/GameLogic/Object/Update/AIUpdate/RailroadGuideAIUpdate.cpp,ok,2,9,73,
GameEngine/Source/GameLogic/Object/Update/AIUpdate/SupplyTruckAIUpdate.cpp,ok,1,3,69,
GameEngine/Source/GameLogic/Object/Update/AIUpdate/WorkerAIUpdate.cpp,ok,3,6,70,
GameEngine/Source/GameLogic/Object/Update/AIUpdate.cpp,ok,1,41,228,
GameEngine/Source/GameLogic/Object/Update/AutoFindHealingUpdate.cpp,ok,0,3,20,
GameEngine/Source/GameLogic/Object/Update/BattlePlanUpdate.cpp,ok,1,9,42,
GameEngine/Source/GameLogic/Object/Update/CleanupHazardUpdate.cpp,ok,0,4,27,
GameEngine/Source/GameLogic/Object/Update/CommandButtonHuntUpdate.cpp,ok,1,7,35,
GameEngine/Source/GameLogic/Object/Update/DemoTrapUpdate.cpp,ok,0,6,25,
GameEngine/Source/GameLogic/Object/Update/DockUpdate/DockUpdate.cpp,ok,23,41,66,
GameEngine/Source/GameLogic/Object/Update/DockUpdate/RailedTransportDockUpdate.cpp,ok,1,4,21,
GameEngine/Source/GameLogic/Object/Update/DockUpdate/SupplyWarehouseDockUpdate.cpp,ok,1,3,17,
GameEngine/Source/GameLogic/Object/Update/EMPUpdate.cpp,ok,0,3,25,
GameEngine/Source/GameLogic/Object/Update/FireSpreadUpdate.cpp,ok,1,6,16,
GameEngine/Source/GameLogic/Object/Update/FirestormDynamicGeometryInfoUpdate.cpp,ok,0,3,14,
GameEngine/Source/GameLogic/Object/Update/HeightDieUpdate.cpp,ok,0,6,15,
GameEngine/Source/GameLogic/Object/Update/HijackerUpdate.cpp,ok,0,2,22,
GameEngine/Source/GameLogic/Object/Update/HordeUpdate.cpp,ok,1,7,33,
GameEngine/Source/GameLogic/Object/Update/MobMemberSlavedUpdate.cpp,ok,1,4,37,
GameEngine/Source/GameLogic/Object/Update/NeutronMissileSlowDeathUpdate.cpp,ok,0,3,27,
GameEngine/Source/GameLogic/Object/Update/NeutronMissileUpdate.cpp,ok,3,13,26,
GameEngine/Source/GameLogic/Object/Update/OCLUpdate.cpp,ok,2,7,35,
GameEngine/Source/GameLogic/Object/Update/ParticleUplinkCannonUpdate.cpp,ok,1,8,50,
GameEngine/Source/GameLogic/Object/Update/PilotFindVehicleUpdate.cpp,ok,0,4,25,
GameEngine/Source/GameLogic/Object/Update/PointDefenseLaserUpdate.cpp,ok,0,5,29,
GameEngine/Source/GameLogic/Object/Update/ProductionUpdate.cpp,ok,0,22,72,
GameEngine/Source/GameLogic/Object/Update/SlavedUpdate.cpp,ok,1,4,50,
GameEngine/Source/GameLogic/Object/Update/SpecialAbilityUpdate.cpp,ok,0,9,77,
GameEngine/Source/GameLogic/Object/Update/SpectreGunshipDeploymentUpdate.cpp,ok,0,4,18,
GameEngine/Source/GameLogic/Object/Update/SpectreGunshipUpdate.cpp,ok,0,6,43,
GameEngine/Source/GameLogic/Object/Update/StealthDetectorUpdate.cpp,ok,1,3,26,
GameEngine/Source/GameLogic/Object/Update/StealthUpdate.cpp,ok,0,8,44,
GameEngine/Source/GameLogic/Object/Update/StickyBombUpdate.cpp,ok,0,3,24,
GameEngine/Source/GameLogic/Object/Update/TensileFormationUpdate.cpp,ok,0,7,22,
GameEngine/Source/GameLogic/Object/Update/WaveGuideUpdate.cpp,ok,0,8,39,
GameEngine/Source/GameLogic/Object/Update/WeaponBonusUpdate.cpp,ok,1,6,22,
GameEngine/Source/GameLogic/Object/Weapon.cpp,missing-header,0,0,0,winsock2.h
GameEngine/Source/GameLogic/ScriptEngine/ScriptActions.cpp,ok,4,19,340,
GameEngine/Source/GameLogic/ScriptEngine/ScriptConditions.cpp,ok,3,16,156,
GameEngine/Source/GameLogic/ScriptEngine/ScriptEngine.cpp,compile-error,0,0,0,C2248 'AttackPriorityInfo::~AttackPriorityInfo' : cannot access protected member declared in cla
GameEngine/Source/GameLogic/ScriptEngine/Scripts.cpp,ok,4,1,117,
GameEngine/Source/GameLogic/ScriptEngine/VictoryConditions.cpp,ok,0,5,15,
GameEngine/Source/GameLogic/System/GameLogic.cpp,missing-header,0,0,0,GameSpy/GP/GP.h
GameEngine/Source/GameLogic/System/GameLogicDispatch.cpp,missing-header,0,0,0,netdb.h
GameEngine/Source/GameNetwork/Connection.cpp,missing-header,0,0,0,netdb.h
GameEngine/Source/GameNetwork/ConnectionManager.cpp,missing-header,0,0,0,Compression.h
GameEngine/Source/GameNetwork/DisconnectManager.cpp,missing-header,0,0,0,netdb.h
GameEngine/Source/GameNetwork/DownloadManager.cpp,missing-header,0,0,0,winsock.h
GameEngine/Source/GameNetwork/FileTransfer.cpp,missing-header,0,0,0,netdb.h
GameEngine/Source/GameNetwork/FirewallHelper.cpp,missing-header,0,0,0,winsock2.h
GameEngine/Source/GameNetwork/FrameData.cpp,missing-header,0,0,0,netdb.h
GameEngine/Source/GameNetwork/FrameDataManager.cpp,missing-header,0,0,0,netdb.h
GameEngine/Source/GameNetwork/FrameMetrics.cpp,missing-header,0,0,0,netdb.h
GameEngine/Source/GameNetwork/GUIUtil.cpp,missing-header,0,0,0,netdb.h
GameEngine/Source/GameNetwork/GameInfo.cpp,missing-header,0,0,0,netdb.h
GameEngine/Source/GameNetwork/GameSpy/Chat.cpp,missing-header,0,0,0,GameSpy/Peer/Peer.h
GameEngine/Source/GameNetwork/GameSpy/LadderDefs.cpp,missing-header,0,0,0,GameSpy/Peer/Peer.h
GameEngine/Source/GameNetwork/GameSpy/LobbyUtils.cpp,missing-header,0,0,0,GameSpy/Peer/Peer.h
GameEngine/Source/GameNetwork/GameSpy/MainMenuUtils.cpp,missing-header,0,0,0,GameSpy/ghttp/ghttp.h
GameEngine/Source/GameNetwork/GameSpy/PeerDefs.cpp,missing-header,0,0,0,GameSpy/Peer/Peer.h
GameEngine/Source/GameNetwork/GameSpy/StagingRoomGameInfo.cpp,missing-header,0,0,0,GameSpy/GP/GP.h
GameEngine/Source/GameNetwork/GameSpy/Thread/BuddyThread.cpp,missing-header,0,0,0,GameSpy/GP/GP.h
GameEngine/Source/GameNetwork/GameSpy/Thread/GameResultsThread.cpp,missing-header,0,0,0,winsock.h
GameEngine/Source/GameNetwork/GameSpy/Thread/PeerThread.cpp,missing-header,0,0,0,netdb.h
GameEngine/Source/GameNetwork/GameSpy/Thread/PersistentStorageThread.cpp,missing-header,0,0,0,GameSpy/gstats/gpersist.h
GameEngine/Source/GameNetwork/GameSpy/Thread/PingThread.cpp,missing-header,0,0,0,winsock.h
GameEngine/Source/GameNetwork/GameSpy/Thread/ThreadUtils.cpp,compile-error,0,0,0,C2065 'CP_UTF8' : undeclared identifier
GameEngine/Source/GameNetwork/GameSpyChat.cpp,missing-header,0,0,0,GameNetwork/GameSpy.h
GameEngine/Source/GameNetwork/GameSpyGP.cpp,missing-header,0,0,0,GameNetwork/GameSpy.h
GameEngine/Source/GameNetwork/GameSpyGameInfo.cpp,missing-header,0,0,0,GameSpy/Peer/Peer.h
GameEngine/Source/GameNetwork/GameSpyOverlay.cpp,missing-header,0,0,0,GameSpy/GP/GP.h
GameEngine/Source/GameNetwork/IPEnumeration.cpp,missing-header,0,0,0,netdb.h
GameEngine/Source/GameNetwork/LANAPI.cpp,missing-header,0,0,0,winsock2.h
GameEngine/Source/GameNetwork/LANAPICallbacks.cpp,missing-header,0,0,0,netdb.h
GameEngine/Source/GameNetwork/LANAPIhandlers.cpp,missing-header,0,0,0,winsock2.h
GameEngine/Source/GameNetwork/LANGameInfo.cpp,missing-header,0,0,0,netdb.h
GameEngine/Source/GameNetwork/NAT.cpp,missing-header,0,0,0,netdb.h
GameEngine/Source/GameNetwork/NetCommandList.cpp,missing-header,0,0,0,netdb.h
GameEngine/Source/GameNetwork/NetPacket.cpp,missing-header,0,0,0,netdb.h
GameEngine/Source/GameNetwork/Network.cpp,missing-header,0,0,0,netdb.h
GameEngine/Source/GameNetwork/NetworkUtil.cpp,missing-header,0,0,0,netdb.h
GameEngine/Source/GameNetwork/Transport.cpp,missing-header,0,0,0,winsock2.h
GameEngine/Source/GameNetwork/WOLBrowser/WebBrowser.cpp,missing-header,0,0,0,EABrowserDispatch/BrowserDispatch.h
GameEngine/Source/GameNetwork/udp.cpp,missing-header,0,0,0,netdb.h
GameEngine/Source/GameNetwork/NetworkUtil.cpp,ok,0,0,9,
GameEngine/Source/GameNetwork/FrameData.cpp,ok,0,0,8,
GameEngine/Source/GameNetwork/FrameDataManager.cpp,ok,0,1,14,
GameEngine/Source/GameNetwork/FrameMetrics.cpp,ok,0,1,6,
GameEngine/Source/GameNetwork/NetPacket.cpp,compile-error,0,0,0,C2664 '_STL::list<_Tp>::list(const _STL::list<_Tp> &)' : cannot convert parameter 1 from 'int' t
GameEngine/Source/GameNetwork/Connection.cpp,ok,0,0,22,
GameEngine/Source/GameNetwork/ConnectionManager.cpp,ok,5,28,143,
GameEngine/Source/GameNetwork/Network.cpp,ok,2,4,48,
Libraries/Source/Compression/CompressionManager.cpp,missing-header,0,0,0,ZLib/zlib.h
Libraries/Source/Compression/EAC/btreeabout.cpp,missing-header,0,0,0,codex.h
Libraries/Source/Compression/EAC/huffabout.cpp,missing-header,0,0,0,codex.h
Libraries/Source/Compression/EAC/refabout.cpp,missing-header,0,0,0,codex.h
Libraries/Source/Compression/LZHCompress/NoxCompress.cpp,missing-header,0,0,0,Noxcompress.h
Libraries/Source/WPAudio/AUD_Assert.cpp,missing-header,0,0,0,wpaudio/altypes.h
Libraries/Source/WPAudio/AUD_Attributes.cpp,missing-header,0,0,0,wpaudio/altypes.h
Libraries/Source/WPAudio/AUD_Cache.cpp,missing-header,0,0,0,wpaudio/altypes.h
Libraries/Source/WPAudio/AUD_Channel.cpp,missing-header,0,0,0,wpaudio/altypes.h
Libraries/Source/WPAudio/AUD_DSoundDriver.cpp,missing-header,0,0,0,wpaudio/altypes.h
Libraries/Source/WPAudio/AUD_Device.cpp,missing-header,0,0,0,wpaudio/altypes.h
Libraries/Source/WPAudio/AUD_Events.cpp,missing-header,0,0,0,wpaudio/altypes.h
Libraries/Source/WPAudio/AUD_Level.cpp,missing-header,0,0,0,wpaudio/altypes.h
Libraries/Source/WPAudio/AUD_List.cpp,missing-header,0,0,0,wpaudio/altypes.h
Libraries/Source/WPAudio/AUD_Lock.cpp,missing-header,0,0,0,wpaudio/altypes.h
Libraries/Source/WPAudio/AUD_Memory.cpp,missing-header,0,0,0,wpaudio/altypes.h
Libraries/Source/WPAudio/AUD_Profiler.cpp,missing-header,0,0,0,wpaudio/profiler.h
Libraries/Source/WPAudio/AUD_Source.cpp,missing-header,0,0,0,wpaudio/altypes.h
Libraries/Source/WPAudio/AUD_StreamBuffering.cpp,missing-header,0,0,0,wpaudio/altypes.h
Libraries/Source/WPAudio/AUD_Streamer.cpp,missing-header,0,0,0,wpaudio/altypes.h
Libraries/Source/WPAudio/AUD_Time.cpp,missing-header,0,0,0,wpaudio/time.h
Libraries/Source/WPAudio/AUD_Windows.cpp,missing-header,0,0,0,mmreg.h
Libraries/Source/WWVegas/WW3D2/FramGrab.cpp,missing-header,0,0,0,windowsx.h
Libraries/Source/WWVegas/WW3D2/agg_def.cpp,compile-error,0,0,0,C2039 'lstrcmpi' : is not a member of 'operator``global namespace'''
Libraries/Source/WWVegas/WW3D2/animatedsoundmgr.cpp,compile-error,0,0,0,C2143 syntax error : missing ';' before 'const'
Libraries/Source/WWVegas/WW3D2/assetmgr.cpp,compile-error,0,0,0,C2051 case expression not constant
Libraries/Source/WWVegas/WW3D2/assetstatus.cpp,ok,0,1,14,
Libraries/Source/WWVegas/WW3D2/bitmaphandler.cpp,ok,5,6,12,
Libraries/Source/WWVegas/WW3D2/bmp2d.cpp,ok,0,4,45,
Libraries/Source/WWVegas/WW3D2/boxrobj.cpp,ok,3,16,71,
Libraries/Source/WWVegas/WW3D2/bw_render.cpp,ok,0,2,11,
Libraries/Source/WWVegas/WW3D2/bwrender.cpp,ok,0,2,11,
Libraries/Source/WWVegas/WW3D2/camera.cpp,ok,11,21,39,
Libraries/Source/WWVegas/WW3D2/collect.cpp,ok,0,67,72,
Libraries/Source/WWVegas/WW3D2/coltest.cpp,ok,0,8,11,
Libraries/Source/WWVegas/WW3D2/dazzle.cpp,compile-error,0,0,0,C2143 syntax error : missing ';' before 'const'
Libraries/Source/WWVegas/WW3D2/ddsfile.cpp,missing-header,0,0,0,ddraw.h
Libraries/Source/WWVegas/WW3D2/decalmsh.cpp,ok,2,95,55,
Libraries/Source/WWVegas/WW3D2/decalsys.cpp,ok,0,8,24,
Libraries/Source/WWVegas/WW3D2/dx8caps.cpp,compile-error,0,0,0,C2065 'D3DTEXOPCAPS_BUMPENVMAPLUMINANCE' : undeclared identifier
Libraries/Source/WWVegas/WW3D2/dx8fvf.cpp,compile-error,0,0,0,"C3861 'D3DXGetFVFVertexSize': identifier not found, even with argument-dependent lookup"
Libraries/Source/WWVegas/WW3D2/dx8indexbuffer.cpp,ok,0,3,25,
Libraries/Source/WWVegas/WW3D2/dx8polygonrenderer.cpp,ok,3,1,2,
Libraries/Source/WWVegas/WW3D2/dx8renderer.cpp,compile-error,0,0,0,C2065 'D3DRS_SRCBLEND' : undeclared identifier
Libraries/Source/WWVegas/WW3D2/dx8rendererdebugger.cpp,ok,0,1,12,
Libraries/Source/WWVegas/WW3D2/dx8texman.cpp,compile-error,0,0,0,C2664 'TextureBaseClass::Poke_Texture' : cannot convert parameter 1 from 'IDirect3DTexture8 *' t
Libraries/Source/WWVegas/WW3D2/dx8vertexbuffer.cpp,ok,2,3,34,
Libraries/Source/WWVegas/WW3D2/dx8webbrowser.cpp,missing-header,0,0,0,ole2.h
Libraries/Source/WWVegas/WW3D2/dx8wrapper.cpp,missing-header,0,0,0,d3d8types.h
Libraries/Source/WWVegas/WW3D2/dynamesh.cpp,ok,2,14,76,
Libraries/Source/WWVegas/WW3D2/font3d.cpp,ok,0,3,13,
Libraries/Source/WWVegas/WW3D2/formconv.cpp,compile-error,0,0,0,"C3861 'D3DFMT_A8': identifier not found, even with argument-dependent lookup"
Libraries/Source/WWVegas/WW3D2/hanimmgr.cpp,ok,1,10,11,
Libraries/Source/WWVegas/WW3D2/hrawanim.cpp,ok,0,10,26,
Libraries/Source/WWVegas/WW3D2/htreemgr.cpp,ok,0,1,22,
Libraries/Source/WWVegas/WW3D2/intersec.cpp,ok,0,9,20,
Libraries/Source/WWVegas/WW3D2/layer.cpp,ok,0,6,8,
Libraries/Source/WWVegas/WW3D2/light.cpp,ok,1,10,33,
Libraries/Source/WWVegas/WW3D2/lightenvironment.cpp,ok,4,12,13,
Libraries/Source/WWVegas/WW3D2/matinfo.cpp,ok,3,51,33,
Libraries/Source/WWVegas/WW3D2/matpass.cpp,ok,0,2,7,
Libraries/Source/WWVegas/WW3D2/matrixmapper.cpp,compile-error,0,0,0,C2065 'D3DTSS_TCI_CAMERASPACEPOSITION' : undeclared identifier
Libraries/Source/WWVegas/WW3D2/meshbuild.cpp,ok,0,14,53,
Libraries/Source/WWVegas/WW3D2/meshdam.cpp,ok,0,0,0,
Libraries/Source/WWVegas/WW3D2/meshmatdesc.cpp,ok,5,7,73,
Libraries/Source/WWVegas/WW3D2/meshmdlio.cpp,ok,5,89,79,
Libraries/Source/WWVegas/WW3D2/metalmap.cpp,ok,0,5,9,
Libraries/Source/WWVegas/WW3D2/missingtexture.cpp,compile-error,0,0,0,"C3861 'texture_surface_desc': identifier not found, even with argument-dependent lookup"
Libraries/Source/WWVegas/WW3D2/polyinfo.cpp,ok,0,0,4,
Libraries/Source/WWVegas/WW3D2/predlod.cpp,ok,1,0,12,
Libraries/Source/WWVegas/WW3D2/prim_anim.cpp,compile-error,0,0,0,C2143 syntax error : missing ';' before '&'
Libraries/Source/WWVegas/WW3D2/projector.cpp,ok,3,8,11,
Libraries/Source/WWVegas/WW3D2/proto.cpp,ok,0,3,13,
Libraries/Source/WWVegas/WW3D2/render2d.cpp,compile-error,0,0,0,C2065 'D3DTA_ALPHAREPLICATE' : undeclared identifier
Libraries/Source/WWVegas/WW3D2/render2dsentence.cpp,compile-error,0,0,0,"C3861 'SetTextColor': identifier not found, even with argument-dependent lookup"
Libraries/Source/WWVegas/WW3D2/renderobjectrecycler.cpp,ok,0,0,9,
Libraries/Source/WWVegas/WW3D2/rinfo.cpp,ok,3,0,2,
Libraries/Source/WWVegas/WW3D2/ringobj.cpp,compile-error,0,0,0,C2143 syntax error : missing ';' before '&'
Libraries/Source/WWVegas/WW3D2/scene.cpp,compile-error,0,0,0,C2065 'D3DRS_FILLMODE' : undeclared identifier
Libraries/Source/WWVegas/WW3D2/shader.cpp,compile-error,0,0,0,"C3861 'D3DTA_CURRENT': identifier not found, even with argument-dependent lookup"
Libraries/Source/WWVegas/WW3D2/shattersystem.cpp,ok,3,52,74,
Libraries/Source/WWVegas/WW3D2/snappts.cpp,ok,0,2,2,
Libraries/Source/WWVegas/WW3D2/sortingrenderer.cpp,compile-error,0,0,0,"C3861 'D3DXMATRIX': identifier not found, even with argument-dependent lookup"
Libraries/Source/WWVegas/WW3D2/soundrobj.cpp,ok,0,0,0,
Libraries/Source/WWVegas/WW3D2/sphereobj.cpp,compile-error,0,0,0,C2143 syntax error : missing ';' before '&'
Libraries/Source/WWVegas/WW3D2/sr_util.cpp,missing-header,0,0,0,srVector3i.hpp
Libraries/Source/WWVegas/WW3D2/static_sort_list.cpp,ok,3,3,5,
Libraries/Source/WWVegas/WW3D2/streak.cpp,ok,0,51,51,
Libraries/Source/WWVegas/WW3D2/streakRender.cpp,ok,4,9,19,
Libraries/Source/WWVegas/WW3D2/stripoptimizer.cpp,ok,0,2,23,
Libraries/Source/WWVegas/WW3D2/surfaceclass.cpp,compile-error,0,0,0,"C3861 'lock_rect': identifier not found, even with argument-dependent lookup"
Libraries/Source/WWVegas/WW3D2/texfcach.cpp,ok,0,0,0,
Libraries/Source/WWVegas/WW3D2/texproject.cpp,ok,0,11,27,
Libraries/Source/WWVegas/WW3D2/textdraw.cpp,compile-error,0,0,0,C2660 'Font3DInstanceClass::Peek_Texture' : function does not take 1 arguments
Libraries/Source/WWVegas/WW3D2/texture.cpp,compile-error,0,0,0,C2664 'TextureBaseClass::Poke_Texture' : cannot convert parameter 1 from 'IDirect3DVolumeTexture
Libraries/Source/WWVegas/WW3D2/texturefile.cpp,ok,0,0,0,
Libraries/Source/WWVegas/WW3D2/texturefilter.cpp,compile-error,0,0,0,C2065 'D3DPTFILTERCAPS_MINFLINEAR' : undeclared identifier
Libraries/Source/WWVegas/WW3D2/textureloader.cpp,compile-error,0,0,0,C2065 'D3DLOCKED_BOX' : undeclared identifier
Libraries/Source/WWVegas/WW3D2/texturethumbnail.cpp,compile-error,0,0,0,"C3861 'GetCurrentDirectory': identifier not found, even with argument-dependent lookup"
Libraries/Source/WWVegas/WW3D2/txt.cpp,compile-error,0,0,0,C2668 'sqrt' : ambiguous call to overloaded function
Libraries/Source/WWVegas/WW3D2/txt2d.cpp,ok,0,0,0,
Libraries/Source/WWVegas/WW3D2/vertmaterial.cpp,compile-error,0,0,0,C2065 'D3DMCS_COLOR2' : undeclared identifier
Libraries/Source/WWVegas/WW3D2/w3d_dep.cpp,compile-error,0,0,0,"C2084 function 'void operator delete[](void *,void *) throw()' already has a body"
Libraries/Source/WWVegas/WW3D2/w3dexclusionlist.cpp,ok,0,1,17,
Libraries/Source/WWVegas/WW3D2/ww3d.cpp,missing-header,0,0,0,d3d8types.h
Libraries/Source/WWVegas/WW3D2/ww3dformat.cpp,ok,2,1,11,
Libraries/Source/WWVegas/WWAudio/AudibleSound.cpp,missing-header,0,0,0,audiblesound.h
Libraries/Source/WWVegas/WWAudio/AudioSaveLoad.cpp,missing-header,0,0,0,audiosaveload.h
Libraries/Source/WWVegas/WWAudio/FilteredSound.cpp,missing-header,0,0,0,filteredsound.h
Libraries/Source/WWVegas/WWAudio/Listener.cpp,missing-header,0,0,0,listener.h
Libraries/Source/WWVegas/WWAudio/LogicalListener.cpp,missing-header,0,0,0,LogicalListener.H
Libraries/Source/WWVegas/WWAudio/LogicalSound.cpp,missing-header,0,0,0,LogicalSound.H
Libraries/Source/WWVegas/WWAudio/Sound3D.cpp,missing-header,0,0,0,sound3d.h
Libraries/Source/WWVegas/WWAudio/SoundBuffer.cpp,missing-header,0,0,0,soundbuffer.h
Libraries/Source/WWVegas/WWAudio/SoundPseudo3D.cpp,missing-header,0,0,0,soundpseudo3d.h
Libraries/Source/WWVegas/WWAudio/SoundScene.cpp,missing-header,0,0,0,soundscene.h
Libraries/Source/WWVegas/WWAudio/SoundSceneObj.cpp,missing-header,0,0,0,SoundSceneObj.h
Libraries/Source/WWVegas/WWAudio/Threads.cpp,missing-header,0,0,0,Threads.h
Libraries/Source/WWVegas/WWAudio/Utils.cpp,missing-header,0,0,0,Utils.H
Libraries/Source/WWVegas/WWAudio/WWAudio.cpp,missing-header,0,0,0,WWAudio.H
Libraries/Source/WWVegas/WWAudio/listenerhandle.cpp,missing-header,0,0,0,listenerhandle.h
Libraries/Source/WWVegas/WWAudio/sound2dhandle.cpp,missing-header,0,0,0,sound2dhandle.h
Libraries/Source/WWVegas/WWAudio/sound3dhandle.cpp,missing-header,0,0,0,sound3dhandle.h
Libraries/Source/WWVegas/WWAudio/soundhandle.cpp,missing-header,0,0,0,soundhandle.h
Libraries/Source/WWVegas/WWAudio/soundstreamhandle.cpp,missing-header,0,0,0,soundstreamhandle.h
Libraries/Source/WWVegas/WWDebug/wwdebug.cpp,compile-error,0,0,0,C2065 'FORMAT_MESSAGE_FROM_SYSTEM' : undeclared identifier
Libraries/Source/WWVegas/WWDebug/wwmemlog.cpp,ok,26,14,5,
Libraries/Source/WWVegas/WWDebug/wwprofile.cpp,compile-error,0,0,0,"C3861 'isdigit': identifier not found, even with argument-dependent lookup"
Libraries/Source/WWVegas/WWDownload/Download.cpp,missing-header,0,0,0,DownloadDebug.h
Libraries/Source/WWVegas/WWDownload/registry.cpp,compile-error,0,0,0,C2065 'REG_SZ' : undeclared identifier
Libraries/Source/WWVegas/WWDownload/urlBuilder.cpp,compile-error,0,0,0,"C2084 function 'void *operator new[](size_t,void *) throw()' already has a body"
Libraries/Source/WWVegas/WWLib/Except.cpp,compile-error,0,0,0,C2227 left of '->SizeOfStruct' must point to class/struct/union
Libraries/Source/WWVegas/WWLib/FastAllocator.cpp,ok,4,0,1,
Libraries/Source/WWVegas/WWLib/LaunchWeb.cpp,compile-error,0,0,0,"C3861 'GetWindowsDirectory': identifier not found, even with argument-dependent lookup"
Libraries/Source/WWVegas/WWLib/WWCOMUtil.cpp,missing-header,0,0,0,oaidl.h
Libraries/Source/WWVegas/WWLib/_convert.cpp,ok,0,0,0,
Libraries/Source/WWVegas/WWLib/_mono.cpp,ok,0,0,0,
Libraries/Source/WWVegas/WWLib/_timer.cpp,ok,0,3,3,
Libraries/Source/WWVegas/WWLib/argv.cpp,ok,0,0,10,
Libraries/Source/WWVegas/WWLib/bfiofile.cpp,compile-error,0,0,0,C2065 'EINVAL' : undeclared identifier
Libraries/Source/WWVegas/WWLib/blit.cpp,ok,0,5,12,
Libraries/Source/WWVegas/WWLib/blowfish.cpp,ok,0,0,6,
Libraries/Source/WWVegas/WWLib/blowpipe.cpp,ok,0,0,3,
Libraries/Source/WWVegas/WWLib/blwstraw.cpp,ok,0,0,2,
Libraries/Source/WWVegas/WWLib/convert.cpp,missing-header,0,0,0,ddraw.h
Libraries/Source/WWVegas/WWLib/cpudetect.cpp,compile-error,0,0,0,C2228 left of '.dwPlatformId' must have class/struct/union type
Libraries/Source/WWVegas/WWLib/crcpipe.cpp,ok,0,0,1,
Libraries/Source/WWVegas/WWLib/crcstraw.cpp,ok,0,0,1,
Libraries/Source/WWVegas/WWLib/critsection.cpp,ok,0,0,1,
Libraries/Source/WWVegas/WWLib/data.cpp,compile-error,0,0,0,"C3861 'LoadString': identifier not found, even with argument-dependent lookup"
Libraries/Source/WWVegas/WWLib/ddraw.cpp,missing-header,0,0,0,ddraw.h
Libraries/Source/WWVegas/WWLib/dib.cpp,compile-error,0,0,0,C2227 left of '->bmiColors' must point to class/struct/union
Libraries/Source/WWVegas/WWLib/draw.cpp,missing-header,0,0,0,ddraw.h
Libraries/Source/WWVegas/WWLib/dsurface.cpp,missing-header,0,0,0,ddraw.h
Libraries/Source/WWVegas/WWLib/fixed.cpp,ok,0,0,3,
Libraries/Source/WWVegas/WWLib/hsv.cpp,ok,0,0,5,
Libraries/Source/WWVegas/WWLib/jshell.cpp,ok,0,0,4,
Libraries/Source/WWVegas/WWLib/keyboard.cpp,compile-error,0,0,0,C2061 syntax error : identifier 'HACCEL'
Libraries/Source/WWVegas/WWLib/lcw.cpp,ok,0,0,2,
Libraries/Source/WWVegas/WWLib/lcwpipe.cpp,ok,0,1,4,
Libraries/Source/WWVegas/WWLib/load.cpp,ok,0,0,1,
Libraries/Source/WWVegas/WWLib/lzo.cpp,ok,0,0,2,
Libraries/Source/WWVegas/WWLib/lzo1x_c.cpp,ok,0,0,2,
Libraries/Source/WWVegas/WWLib/lzo1x_d.cpp,ok,0,0,1,
Libraries/Source/WWVegas/WWLib/lzopipe.cpp,ok,0,1,4,
Libraries/Source/WWVegas/WWLib/lzostraw.cpp,ok,0,1,3,
Libraries/Source/WWVegas/WWLib/mixfile.cpp,ok,5,54,45,
Libraries/Source/WWVegas/WWLib/mono.cpp,missing-header,0,0,0,winioctl.h
Libraries/Source/WWVegas/WWLib/mpu.cpp,compile-error,0,0,0,C2668 'abs' : ambiguous call to overloaded function
Libraries/Source/WWVegas/WWLib/msgloop.cpp,compile-error,0,0,0,C2226 syntax error : unexpected type 'HWND'
Libraries/Source/WWVegas/WWLib/mutex.cpp,ok,6,0,0,
Libraries/Source/WWVegas/WWLib/obscure.cpp,ok,0,0,1,
Libraries/Source/WWVegas/WWLib/palette.cpp,ok,0,0,11,
Libraries/Source/WWVegas/WWLib/pcx.cpp,ok,0,4,6,
Libraries/Source/WWVegas/WWLib/pkpipe.cpp,ok,0,3,10,
Libraries/Source/WWVegas/WWLib/pkstraw.cpp,ok,0,3,10,
Libraries/Source/WWVegas/WWLib/point.cpp,ok,0,0,0,
Libraries/Source/WWVegas/WWLib/ramfile.cpp,ok,0,2,9,
Libraries/Source/WWVegas/WWLib/rc4.cpp,ok,0,0,7,
Libraries/Source/WWVegas/WWLib/rcfile.cpp,compile-error,0,0,0,C2065 'HRSRC' : undeclared identifier
Libraries/Source/WWVegas/WWLib/refcount.cpp,ok,0,0,0,
Libraries/Source/WWVegas/WWLib/regexpr.cpp,missing-header,0,0,0,gnu_regex.h
Libraries/Source/WWVegas/WWLib/registry.cpp,compile-error,0,0,0,C2143 syntax error : missing ';' before 'const'
Libraries/Source/WWVegas/WWLib/rgb.cpp,ok,0,0,5,
Libraries/Source/WWVegas/WWLib/rle.cpp,ok,0,0,4,
Libraries/Source/WWVegas/WWLib/rndstraw.cpp,ok,0,1,9,
Libraries/Source/WWVegas/WWLib/rndstrng.cpp,ok,0,0,4,
Libraries/Source/WWVegas/WWLib/sampler.cpp,ok,0,5,14,
Libraries/Source/WWVegas/WWLib/sha.cpp,compile-error,0,0,0,"C2084 function 'void *operator new[](size_t,void *)' already has a body"
Libraries/Source/WWVegas/WWLib/shapipe.cpp,ok,0,0,1,
Libraries/Source/WWVegas/WWLib/shastraw.cpp,ok,0,0,1,
Libraries/Source/WWVegas/WWLib/slnode.cpp,ok,0,2,0,
Libraries/Source/WWVegas/WWLib/srandom.cpp,compile-error,0,0,0,"C3861 'GetDiskFreeSpace': identifier not found, even with argument-dependent lookup"
Libraries/Source/WWVegas/WWLib/surface.cpp,ok,0,0,0,
Libraries/Source/WWVegas/WWLib/tagblock.cpp,ok,0,2,36,
Libraries/Source/WWVegas/WWLib/textfile.cpp,ok,0,2,3,
Libraries/Source/WWVegas/WWLib/tgatodxt.cpp,ok,0,0,0,
Libraries/Source/WWVegas/WWLib/thread.cpp,compile-error,0,0,0,"C3861 'GetExceptionCode': identifier not found, even with argument-dependent lookup"
Libraries/Source/WWVegas/WWLib/vector.cpp,ok,0,3,13,
Libraries/Source/WWVegas/WWLib/verchk.cpp,missing-header,0,0,0,winnt.h
Libraries/Source/WWVegas/WWLib/widestring.cpp,compile-error,0,0,0,C2065 'CP_ACP' : undeclared identifier
Libraries/Source/WWVegas/WWLib/win.cpp,ok,0,0,0,
Libraries/Source/WWVegas/WWLib/wwfile.cpp,ok,0,0,3,
Libraries/Source/WWVegas/WWLib/wwfont.cpp,ok,0,3,12,
Libraries/Source/WWVegas/WWLib/wwmouse.cpp,compile-error,0,0,0,C2146 syntax error : missing ';' before identifier 'TimerHandle'
Libraries/Source/WWVegas/WWLib/xsurface.cpp,ok,1,2,28,
Libraries/Source/WWVegas/WWMath/aabtreecull.cpp,ok,0,25,69,
Libraries/Source/WWVegas/WWMath/cardinalspline.cpp,ok,1,30,35,
Libraries/Source/WWVegas/WWMath/catmullromspline.cpp,ok,1,20,26,
Libraries/Source/WWVegas/WWMath/colmathobbox.cpp,ok,5,4,3,
Libraries/Source/WWVegas/WWMath/curve.cpp,ok,0,35,51,
Libraries/Source/WWVegas/WWMath/euler.cpp,ok,0,1,3,
Libraries/Source/WWVegas/WWMath/hermitespline.cpp,ok,1,21,49,
Libraries/Source/WWVegas/WWMath/tcbspline.cpp,ok,1,19,28,
Libraries/Source/WWVegas/WWSaveLoad/definition.cpp,ok,0,1,5,
Libraries/Source/WWVegas/WWSaveLoad/definitionfactory.cpp,ok,0,0,2,
Libraries/Source/WWVegas/WWSaveLoad/definitionfactorymgr.cpp,ok,0,0,9,
Libraries/Source/WWVegas/WWSaveLoad/definitionmgr.cpp,ok,0,20,34,
Libraries/Source/WWVegas/WWSaveLoad/parameter.cpp,ok,3,62,198,
Libraries/Source/WWVegas/WWSaveLoad/persistfactory.cpp,ok,0,0,2,
Libraries/Source/WWVegas/WWSaveLoad/saveload.cpp,ok,0,0,28,
Libraries/Source/WWVegas/WWSaveLoad/saveloadstatus.cpp,ok,0,0,3,
Libraries/Source/WWVegas/WWSaveLoad/saveloadsubsystem.cpp,ok,0,2,2,
Libraries/Source/WWVegas/WWSaveLoad/twiddler.cpp,ok,0,25,13,
Libraries/Source/WWVegas/WWSaveLoad/wwsaveload.cpp,ok,0,0,0,
Libraries/Source/WWVegas/Wwutil/mathutil.cpp,missing-header,0,0,0,mathutil.h
Libraries/Source/WWVegas/Wwutil/miscutil.cpp,missing-header,0,0,0,miscutil.h
Libraries/Source/WWVegas/wwshade/shd6bumpdiff.cpp,missing-header,0,0,0,shdbumpdiff.h
Libraries/Source/WWVegas/wwshade/shd6bumpspec.cpp,missing-header,0,0,0,shdbumpspec.h
Libraries/Source/WWVegas/wwshade/shd7bumpdiff.cpp,missing-header,0,0,0,shdhwshader.h
Libraries/Source/WWVegas/wwshade/shd7bumpspec.cpp,missing-header,0,0,0,shdbumpspec.h
Libraries/Source/WWVegas/wwshade/shd8bumpdiff.cpp,missing-header,0,0,0,shdmesh.h
Libraries/Source/WWVegas/wwshade/shd8bumpspec.cpp,missing-header,0,0,0,shdmesh.h
Libraries/Source/WWVegas/wwshade/shdbumpdiff.cpp,missing-header,0,0,0,shdbumpdiff.h
Libraries/Source/WWVegas/wwshade/shdbumpspec.cpp,missing-header,0,0,0,shdbumpspec.h
Libraries/Source/WWVegas/wwshade/shdcubemap.cpp,missing-header,0,0,0,shdcubemap.h
Libraries/Source/WWVegas/wwshade/shddef.cpp,missing-header,0,0,0,shddef.h
Libraries/Source/WWVegas/wwshade/shddeffactory.cpp,missing-header,0,0,0,shddeffactory.h
Libraries/Source/WWVegas/wwshade/shddefmanager.cpp,missing-header,0,0,0,shddef.h
Libraries/Source/WWVegas/wwshade/shdforcelinks.cpp,missing-header,0,0,0,shdforcelinks.h
Libraries/Source/WWVegas/wwshade/shdglossmask.cpp,missing-header,0,0,0,shdglossmask.h
Libraries/Source/WWVegas/wwshade/shdhwshader.cpp,missing-header,0,0,0,shdhwshader.h
Libraries/Source/WWVegas/wwshade/shdinterface.cpp,missing-header,0,0,0,shdinterface.h
Libraries/Source/WWVegas/wwshade/shdlegacyw3d.cpp,missing-header,0,0,0,shdlegacyw3d.h
Libraries/Source/WWVegas/wwshade/shdlib.cpp,missing-header,0,0,0,shdloader.h
Libraries/Source/WWVegas/wwshade/shdloader.cpp,missing-header,0,0,0,shdloader.h
Libraries/Source/WWVegas/wwshade/shdmesh.cpp,missing-header,0,0,0,shdmesh.h
Libraries/Source/WWVegas/wwshade/shdrenderer.cpp,missing-header,0,0,0,shdrenderer.h
Libraries/Source/WWVegas/wwshade/shdsimple.cpp,missing-header,0,0,0,shdsimple.h
Libraries/Source/WWVegas/wwshade/shdsubmesh.cpp,missing-header,0,0,0,shddefmanager.h
Libraries/Source/debug/_pch.cpp,missing-header,0,0,0,_pch.h
Libraries/Source/debug/debug_cmd.cpp,missing-header,0,0,0,_pch.h
Libraries/Source/debug/debug_debug.cpp,missing-header,0,0,0,_pch.h
Libraries/Source/debug/debug_dlg/debug_dlg.cpp,missing-header,0,0,0,commctrl.h
Libraries/Source/debug/debug_except.cpp,missing-header,0,0,0,_pch.h
Libraries/Source/debug/debug_getdefaultcommands.cpp,missing-header,0,0,0,_pch.h
Libraries/Source/debug/debug_io_con.cpp,missing-header,0,0,0,_pch.h
Libraries/Source/debug/debug_io_flat.cpp,missing-header,0,0,0,_pch.h
Libraries/Source/debug/debug_io_net.cpp,missing-header,0,0,0,_pch.h
Libraries/Source/debug/debug_io_ods.cpp,missing-header,0,0,0,_pch.h
Libraries/Source/debug/debug_purecall.cpp,missing-header,0,0,0,_pch.h
Libraries/Source/debug/debug_stack.cpp,missing-header,0,0,0,_pch.h
Libraries/Source/debug/netserv/netserv.cpp,compile-error,0,0,0,"C3861 'ci': identifier not found, even with argument-dependent lookup"
Libraries/Source/debug/test1/test1.cpp,missing-header,0,0,0,../debug.h
Libraries/Source/debug/test2/StdAfx.cpp,missing-header,0,0,0,stdafx.h
Libraries/Source/debug/test2/test2.cpp,missing-header,0,0,0,stdafx.h
Libraries/Source/debug/test3/test3.cpp,missing-header,0,0,0,../debug.h
Libraries/Source/debug/test4/test4.cpp,missing-header,0,0,0,../debug.h
Libraries/Source/debug/test5/test5.cpp,missing-header,0,0,0,../debug.h
Libraries/Source/debug/test6/test6.cpp,missing-header,0,0,0,../debug.h
Libraries/Source/profile/_pch.cpp,missing-header,0,0,0,_pch.h
Libraries/Source/profile/profile.cpp,missing-header,0,0,0,_pch.h
Libraries/Source/profile/profile_cmd.cpp,missing-header,0,0,0,_pch.h
Libraries/Source/profile/profile_funclevel.cpp,missing-header,0,0,0,_pch.h
Libraries/Source/profile/profile_highlevel.cpp,missing-header,0,0,0,_pch.h
Libraries/Source/profile/profile_result.cpp,missing-header,0,0,0,_pch.h
Libraries/Source/profile/test1/test1.cpp,missing-header,0,0,0,../profile.h
Libraries/Source/template.cpp,ok,0,0,0,
